티커	종목코드	유니버스	현재가	3M수익률(보조,%)	6M수익률(보조,%)	12M수익률(보조,%)	52주고점대비(보조,%)	40일이평(보조)	200일이평(보조)	40일선상회(보조)	200일선상회(보조)	추세판정(보조)	종목명	시장	통화	섹터	산업	업종	사업설명	시가총액	배당수익률(%)	EPS(FY)	EPS Growth 1Y(%)	EPS Growth 3Y CAGR(%)	EPS Growth 5Y CAGR(%)	현금및단기투자	장기부채	단기위험부채	총부채	주주지분	주당순현금(린치식)	주당잉여현금흐름	잉여현금흐름수익률(%)	순현금차감PER(린치식)	사용연성장률(%)	린치PER배수	배당감안점수	린치PER판정	배당감안점수판정	그레이엄적정PER(3년)	그레이엄내재가치(3년)	그레이엄괴리율(3년,%)	종합판정	데이터상태
2330.TW	2330.TW	Taiwan 50	2460.0	6.724511930585675	35.91160220994476		-1.9920318725099584	2381.0	2018.35	Y	Y	상승전환/양호	TAIWAN SEMICONDUCTOR MANUFACTUR	TAI	TWD	Technology	Semiconductors	Semiconductors	Taiwan Semiconductor Manufacturing Company Limited, together with its subsidiaries, manufactures, packages, tests, and sells integrated circuits and other semiconductor devices in Taiwan, China, Europe, the Middle East, Africa, Japan, the United States, and internationally. It provides various wafer fabrication processes, such as processes to manufacture complementary metal- oxide-semiconductor (CMOS) logic, mixed-signal, radio frequency, embedded memory, bipolar CMOS mixed-signal, and others. T	64052952825856.0	1.14	85.61	46.54981153856048	19.574951863097922		3488279800000.0	896062000000.0	136925700000.0	1064582700000.0	5355038700000.0	99.96069751058748	38.26794070252923	1.5556073456312696	27.567332116451496	19.574951863097922	1.40829629156946	0.7514311423242787	보통	불리(<1)	47.649903726195845	4079.308257999626	65.82553894307424	보류	충분
2317.TW	2317.TW	Taiwan 50	256.0	-7.747747747747747	21.615201900237537		-17.152103559870547	250.0375	235.81	Y	Y	상승전환/양호	HON HAI PRECISION INDUSTRY	TAI	TWD	Technology	Electronic Components	Electronic Components	Hon Hai Precision Industry Co., Ltd. provides electronic manufacturing services. The company offers consumer electronics, including smartphones, feature phones, wearable devices, televisions, game consoles, set-top boxes, and audio systems; cloud and networking products comprising routers, servers, edge computing, data centers, and satellite communications and other related equipment; electronic computing equipment, such as desktop computers, laptops, tablets, multi-function devices and printers	3523935731712.0	2.8	15.1	23.999718516214784	10.202197342011932		2177167157000.0	306085648000.0	940440828000.0	1286493270000.0	1772771627000.0	133.5373406156398	3.6640530452619244	1.4312707208054392	8.110109893003987	10.202197342011932	0.7949375630686072	1.6032085278188402	헐값	양호(>=1.5)	28.904394684023863	436.45635972876033	70.490765519047	양호	충분
2454.TW	2454.TW	Taiwan 50	4760.0	6.3687150837988815	185.88588588588587		0.0	3862.75	2666.675	Y	Y	상승전환/양호	MEDIATEK INC	TAI	TWD	Technology	Semiconductors	Semiconductors	MediaTek Inc. engages in the research, development, production, manufacture, and marketing of multimedia integrated circuits (ICs) in Taiwan, rest of Asia, and internationally. The company offers multimedia, computer peripherals oriented, consumer-oriented, and other ICs for various applications. It also offers design, test runs, maintenance and repair, and technological consultation services for software and hardware solutions; and sale and delegation patents and circuit layout rights for its I	7522658287616.0	1.12	60.45	-1.0032496768530352	-3.7570524355304835		260128122000.0	60000000.0	4480763000.0	13730009000.0	400600988000.0	162.83084679092542	86.01057225052534	1.8069447951791038	76.04911750552645	-3.7570524355304835		-0.034675648081502725	판정불가	불리(<1)	0.985895128939033	59.59736054436455	-98.74795461041252	보류	일부부족
2308.TW	2308.TW	Taiwan 50	1850.0	-23.395445134575567	51.63934426229508		-26.587301587301592	1761.625	1584.61	Y	Y	상승전환/양호	DELTA ELECTRONIC	TAI	TWD	Technology	Electronic Components	Electronic Components	Delta Electronics, Inc., together with its subsidiaries, provides power and thermal management solutions in Mainland China, the United States, Taiwan, Thailand, and internationally. It operates through Power Electronics, Mobility, Automation, and Infrastructure segments. The company offers inductors, transformer components, networking products, EMI filters, solenoids, current sensing resistors, power modules, and stamping and over molding components; embedded power, adapters, industrial and medi	4688566026240.0	63.0	31.45	70.62397666530782	22.54086445612693		159053571000.0	56703273000.0	17326736000.0	76525994000.0	268057976000.0	39.40272982449256	19.757704684663608	1.0679840370088436	57.570660418935056	22.54086445612693	2.554057344650175	1.485841291964621	매우 불리	보통(1~1.5)	53.58172891225386	1685.1453742903839	-8.91106084916844	보류	충분
2382.TW	2382.TW	Taiwan 50	347.5	-7.333333333333336	23.226950354609933		-16.666666666666664	325.8	312.155	Y	Y	상승전환/양호	QUANTA COMPUTER	TAI	TWD	Technology	Computer Hardware	Computer Hardware	Quanta Computer Inc. manufactures, processes, and sells laptop computers and cloud-computing server related products in the United States, Mainland China, the Netherlands, Japan, and internationally. The company provides notebook PCs; servers, storage devices, and network switches; cameras, including automotive cameras, camera module, and AI dash-camera and AI body-worn camera; and smart healthcare solutions. It also offers mobile computing solutions for the wireless communication of notebook PC	1344642088960.0	4.49	22.62	25.603756952240488	37.322961044476074		230393427000.0	56578932000.0	258327344000.0	322496262000.0	243577029000.0	42.39875957136819	-6.229886661808861	-1.7927731400888807	13.488118498171167	37.322961044476074	0.36138929282963345	3.0999847050680516	매우 유망	안심(>=2)	60.0	1357.2	290.5611510791367	보류	충분
2303.TW	2303.TW	Taiwan 50	143.0	12.15686274509804	139.53098521360738		-19.887955182072826	126.7125	90.68825006484985	Y	Y	상승전환/양호	UNITED MICRO ELECTRONICS	TAI	TWD	Technology	Semiconductors	Semiconductors	United Microelectronics Corporation operates as a semiconductor wafer foundry in Taiwan, China, Hong Kong, Japan, Korea, the United States, Europe, and internationally. It manufactures and sells integrated circuits. The company offers circuit design; mask tooling; wafer fabrication; and assembly and testing services for communication devices, consumer electronics, computer, and other applications. It also provides venture capital and marketing support; consulting and planning; energy technical; 	1717917319168.0	1.82	6.59	-17.259341564967112	-23.3089317909408		146070330000.0	45372054000.0	8408772000.0	59781672000.0	365824997000.0	8.030458271970222	3.918048719616251	2.7398942095218537	20.480962325952927	-23.3089317909408		-1.0492149464925582	판정불가	불리(<1)	0.0	0.0	-100.0	보류	일부부족
2412.TW	2412.TW	Taiwan 50	138.0	-2.8169014084507005	1.4705882352941124		-5.802047781569963	137.175	135.7475	Y	Y	상승전환/양호	CHUNGHWA TELECOM	TAI	TWD	Communication Services	Telecom Services	Telecom Services	Chunghwa Telecom Co., Ltd., together with its subsidiaries, operates as an integrated telecommunications service provider in Taiwan and internationally. The company operates through Consumer Business, Enterprise Business, International Business, and Others segments. Its services primarily include mobile, fixed-line, information and communication technology (ICT), and sales and other services. The company provides mobile services, including prepaid and postpaid plans; fixed-line services, such as	1078285107200.0	3.77	5.08	4.0764742262497045	2.1070421075218615		80236000000.0	24888000000.0	2240000000.0	38019000000.0	384131000000.0	7.134821964796407	6.394372131635488	4.6336029939387595	25.760861817953465	2.1070421075218615	12.2260783142352	0.22813841202416552	매우 불리	불리(<1)	12.714084215043723	64.58754781242212	-53.197429121433245	보류	충분
2882.TW	2882.TW	Taiwan 50	114.5	10.096153846153854	63.57142857142857		-0.8658008658008698	100.675	83.2844998550415	Y	Y	상승전환/양호	CATHAY FINANCIAL HLDG CO	TAI	TWD	Financial Services	Insurance - Life	Insurance - Life	Cathay Financial Holding Co., Ltd., through its subsidiaries, provides various financial products and services in Taiwan, rest of Asia, and internationally. The company offers consumer banking services, such as deposit and remittance services; and credit services, including secured and unsecured consumer loans, adjustable-rate mortgage, revolving mortgage, and government subsidized mortgage. It also provides corporate banking services, including corporate, sustainable, working capital, capital e	1664955318272.0	3.06	7.06	-2.836521477400711	42.07576363585104		790688699000.0	0.0	0.0	441882992000.0	928286508000.0	53.90124614754305	12.470106092966152	10.890922351935503	8.583392896948578	42.07576363585104	0.2039985054397211	5.258499078132255	매우 유망	안심(>=2)	60.0	423.59999999999997	269.95633187772927	매우 유망	충분
2891.TW	2891.TW	Taiwan 50	67.4000015258789	-2.601149568994321	32.15686573701746		-6.906077202516059	64.74250011444092	56.48025005340576	Y	Y	상승전환/양호	CTBC FINANCIAL HOLDINGS COMPANY	TAI	TWD	Financial Services	Banks - Regional	Banks - Regional	CTBC Financial Holding Co., Ltd., together with its subsidiaries, engages in corporate and personal finance, life insurance, and other businesses in Taiwan, Asia, and North America. The company offers commercial banking and capital market services; customized financing and wealth management and credit services; life insurance services; and designs, provides, and trades in various financial products. It is also involved in deposit and loan; securities and futures; venture capital; asset managemen	1341898489856.0	3.71	4.06	11.926931815510834	37.10774106785184		641748921000.0	0.0	0.0	331234874000.0	518343310000.0	32.61593375660972	0.003445935736237338	0.005112664181341652	8.567504376667287	37.10774106785184	0.2308818626550597	4.764250973599119	매우 유망	안심(>=2)	60.0	243.59999999999997	261.4243241618731	매우 유망	충분
2881.TW	2881.TW	Taiwan 50	149.5	19.599999999999994	71.4449601285378		-0.6644518272425293	131.75	105.51799987792968	Y	Y	상승전환/양호	FUBON FINANCIAL HLDG CO LTD	TAI	TWD	Financial Services	Insurance - Life	Insurance - Life	Fubon Financial Holding Co., Ltd. provides various financial products and services in Taiwan, Asia, and internationally. It operates through Banking Business, Property Insurance Business, Life Insurance Business, Securities Business, and Others segments. The company offers insurance products, including property, casualty, life, health, accident, fire, transportation, fishing vessel, car, liability, engineering and nuclear, guarantee and letter of credit, and personal and commercial multiple peri	2036192641024.0	2.84	8.37	-19.809129596654984	37.10650367758417		922185721000.0	0.0	0.0	600644627000.0	982581684000.0	67.48166890931621	0.4210099576148224	0.2816120117824899	9.799083762327813	37.10650367758417	0.2640799534084744	4.076554976614948	매우 유망	안심(>=2)	60.0	502.19999999999993	235.9197324414715	매우 유망	충분
2886.TW	2886.TW	Taiwan 50	50.20000076293945	15.269808593291167	28.061223943647583		-5.461389443532639	48.601250076293944	42.307250022888184	Y	Y	상승전환/양호	MEGA FINANCIAL HOLDING CO	TAI	TWD	Financial Services	Banks - Regional	Banks - Regional	Mega Financial Holding Co., Ltd. provides various financial services in Taiwan. It offers brokerage, dealing and underwriting of short-term debt instruments and financial debentures; notary services for short-term debt instruments and financial debentures; guarantee or endorsement services for short-term debt instruments; brokerage for inter-bank call loans; proprietary trading in government bonds; and foreign and domestic securities brokerage, securities dealing, securities underwriting, and fu	750568931328.0	3.49	2.36	0.783077986276548	24.094823796719123		877500768000.0	0.0	0.0	108798705000.0	392369102000.0	59.15717588520136	10.708101147312195	21.330878455319738	-3.795413187399114	24.094823796719123	-0.15751985652270747		판정불가	판정불가	56.689647593438245	133.78756832051425	166.50909618966375	보류	충분
2884.TW	2884.TW	Taiwan 50	43.54999923706055	27.33917621502846	30.584711333208723		0.0	37.86375017166138	33.80775003433227	Y	Y	상승전환/양호	E SUN FINANCIAL HOLDINGS	TAI	TWD	Financial Services	Banks - Regional	Banks - Regional	E.SUN Financial Holding Company, Ltd., together with its subsidiaries, offers various financial banking products and services in Taiwan. It operates through Corporate Banking Unit; Individual Banking Unit; Overseas Branches and Subsidiaries; and Others segments. The company provides deposits; bills/checks discounting; syndicated loans; domestic remittances; commercial acceptances; domestic letters of credit and guarantees; custodian services and warehousing; rental of safe deposit boxes; and cre	773074583552.0	3.21	2.12	31.44091638294586	29.648238579086495		406218940000.0	0.0	0.0	81352877000.0	272743929000.0	23.93465354701862	2.0037259014847986	4.600978040384559	9.252521551906568	29.648238579086495	0.312076602029005	3.5512739305444527	매우 유망	안심(>=2)	60.0	127.2	192.07807629937744	매우 유망	충분
2885.TW	2885.TW	Taiwan 50	70.19999694824219	12.666659646367972	65.36352507706103		0.0	64.14634571075439	50.267970695495606	Y	Y	상승전환/양호	YUANTA FINANCIAL HOLDING CO. LT	TAI	TWD	Financial Services	Financial Conglomerates	Financial Conglomerates	Yuanta Financial Holding Co., Ltd., together with its subsidiaries, provides financial services in Taiwan. The company offers brokerage, investment banking, derivative products, fixed income, institutional brokerage, international finance, strategic trading, overseas business, digital finance, reg and transfer, and wealth management services; corporate, consumer, and digital finance products and services; and life, health, accident, and investment-linked insurance products. It also provides futu	978826297344.0	2.47	2.63	2.7414463472456685	20.12129776441045		938214637000.0	217509768000.0	158925388000.0	383094061000.0	340417373000.0	51.98242094354489	-3.915023921705641	-5.57695739587019	6.926834982774639	20.12129776441045	0.3442538877898065	3.2614170570815584	매우 유망	안심(>=2)	48.7425955288209	128.19302624079896	82.61115642969969	보류	충분
2880.TW	2880.TW	Taiwan 50	44.349998474121094	26.356834233688865	29.460987054219757		0.0	41.08680658340454	34.73295501708984	Y	Y	상승전환/양호	HUA NAN FINANCIAL HOLDINGS CO	TAI	TWD	Financial Services	Banks - Regional	Banks - Regional	Hua Nan Financial Holdings Co., Ltd., together with its subsidiaries, provides financial services in Taiwan and internationally. It operates through Bank, Securities, Insurance, and Other segments. The company provides various banking services, including commercial banking, offshore banking, overseas branch banking, and other banking services. It also engages in the trust business planning, managing, and operating; custody of nondiscretionary trust funds and mutual funds; trading and underwritin	634634502144.0	3.04	1.88	14.228828562366536	15.145821422405326		304634035000.0	0.0	0.0	131545560000.0	236357548000.0	21.672674784742476	0.1549772433348168	0.34944137241684103	12.062406217754585	15.145821422405326	0.7964180932379527	1.5076445855087952	헐값	양호(>=1.5)	38.79164284481065	72.92828854824403	64.438085811432	양호	충분
1101.TW	1101.TW	Taiwan 50	24.299999237060547	1.4613714529090327	0.0		-8.47457651471144	24.224999809265135	24.084999980926515	Y	Y	상승전환/양호	TCC GROUP HOLDINGS CO LTD	TAI	TWD	Basic Materials	Building Materials	Building Materials	TCC Group Holdings Co., Ltd. manufactures and markets cement, cement-related products, and ready-mixed concrete in Asia, Europe, and Africa. It operates through Cement, Electricity and Energy, Social Aspect of Energy Transition, and Other segments. The company is also involved in the thermal and renewable energy generation; and land and marine transportation business, and production and sale of refractory materials, etc. In addition, it provides engineering, property leasing and development, ene	182084321280.0	3.29	-1.23	491.0			146558691000.0	165639430000.0	40338866000.0	212904295000.0	231910589000.0	-2.5464133928683435	0.823563607556843	3.38915075479017		491.0			판정불가	판정불가				판정불가	일부부족
1301.TW	1301.TW	Taiwan 50	66.5999984741211	46.21295189821599	40.65470035974974		-1.769918176435259	60.269999504089355	49.372000007629396	Y	Y	상승전환/양호	FORMOSA PLASTIC	TAI	TWD	Basic Materials	Specialty Chemicals	Specialty Chemicals	Formosa Plastics Corporation engages in the manufacture and sale of plastic raw materials, chemical fibers, and related petrochemical industrial products in Taiwan, China, and internationally. It operates through Plastic, Polyolefin, Polypropylene, Tairylan, Chemical, and Other segments. The company offers plastic raw materials, such as polyvinyl chloride, high-density polyethylene, linear low-density polyethylene, ethylene vinyl acetate copolymer, polyethylene wax, polypropylene, polyacetal, an	414409719808.0	75.0	1.64				226906866000.0	76514793000.0	52416194000.0	130740908000.0	363222429000.0	23.62522650544532	-1.247549971008874	-1.8731981975850003	26.204129249192547				판정불가	판정불가	8.5	13.94	-79.06906858951852	보류	일부부족
1303.TW	1303.TW	Taiwan 50	230.5	132.35887811595788	211.0661332611235		-4.948453608247427	195.4875	109.29950000762939	Y	Y	상승전환/양호	NAN YA PLASTIC	TAI	TWD	Basic Materials	Specialty Chemicals	Specialty Chemicals	Nan Ya Plastics Corporation engages in the manufacture and sale of plastic products, polyester fibers, petrochemical products, and electronic materials in Taiwan, China, the United States, and internationally. It provides plastic products, such as PP synthetic paper, adhesives, optical films, outdoor decoration materials, TPU films, synthetic leathers, PU resins, doors, Neuma fire-rated doors and windows, plastic pallets, PVC cling and PE Stectch films, BOPP film, engineering and PVC compounds, 	1863743176704.0	35.0	6.2	35.28214030056922	-47.98534220948065		82098101000.0	79337053000.0	93325453000.0	173213953000.0	355665838000.0	0.3481414662944144	-0.3379180619612948	-0.14660219607865285	37.121267505436386	-47.98534220948065		-0.3498086967956833	판정불가	불리(<1)	0.0	0.0	-100.0	보류	일부부족
2002.TW	2002.TW	Taiwan 50	19.0	1.333333333333342	-0.7832878408265298		-10.588235294117643	19.041250038146973	19.100750036239624	N	N	주의	CHINA STEEL CORP	TAI	TWD	Basic Materials	Steel	Steel	China Steel Corporation manufactures and sells steel products in Taiwan, Vietnam, Malaysia, China, India, and internationally. It offers steel plates primarily for use in construction structures, shipbuilding, bridge beams, oil country tabular goods, machine structures, pressure vessels, and in climate/corrosion-resistant steel plates; steel bars and wire rods for applications in general and machine structures, cold and hot forging, hard drawn steel wires, and welding electrodes; and hot-rolled 	291117924352.0	79.0	-0.21				90355113000.0	182746145000.0	77492200000.0	271100183000.0	292633521000.0	-6.061712384768718	1.1196561048352884	5.8929268675541495					판정불가	판정불가				판정불가	일부부족
1216.TW	1216.TW	Taiwan 50	75.19999694824219	1.4844784032016722	6.214680376874826		-6.583854722680515	76.59249954223633	74.44349987030029	N	Y	상승전환/양호	UNI-PRESIDENT ENTERPRISES CORP	TAI	TWD	Consumer Defensive	Packaged Foods	Packaged Foods	Uni-President Enterprises Corp. engages in the manufacture and sale of beverages and instant noodles in Taiwan, China, and Southeast Asia. It operates through Beverages, Food, and Others segments. The company offers animal feeds, wheat flour, and aquatic products; dairy, tea, coffee, water, and general beverages; edible oils, snack noodles, and cooking noodles; sauce and seasoning, meat, ice cream, and frozen prepared foods. It also provides trade marketing, developing, and managing distribution	435810566144.0	3.99	4.12	-5.058179913923699	4.563089403388387		165919037000.0	98835952000.0	79360712000.0	308708893000.0	135782210000.0	11.806213992747292	7.226537944725595	9.609758295202319	15.386840523178373	4.563089403388387	3.372022584469341	0.5558704134551999	매우 불리	불리(<1)	17.626178806776775	72.61985668392032	-3.431037724772379	보류	충분
2207.TW	2207.TW	Taiwan 50	539.0	11.594202898550732	6.732673267326739		-13.204508856682773	512.2125	518.625	Y	Y	상승전환/양호	HOTAI MOTOR CO	TAI	TWD	Consumer Cyclical	Auto & Truck Dealerships	Auto & Truck Dealerships	Hotai Motor Co.,Ltd., together with its subsidiaries, exports and imports, trades, and sells vehicles, automobile air conditioners, and related parts in Taiwan and Mainland China. It is also involved in the installment sales and vehicle leasing, used vehicles selling, property and casualty insurance, trading of vehicle products/accessories, solar power, energy storage, and vehicle repairing activities, electronic parts and components manufacturing, as well as property management business. In add	298049994752.0	3.71	33.9	-7.654131088708249			50924322000.0	8733259000.0	301578234000.0	313105900000.0	86158179000.0	75.73299833254464	42.95654836882807	7.969675022046023	13.665693264526707	-7.654131088708249		-0.28861551421956705	판정불가	불리(<1)	8.5	288.15	-46.53988868274583	보류	일부부족
1326.TW	1326.TW	Taiwan 50	71.9000015258789	49.015547203894116	67.01510522672018		-3.2301499694516234	63.04250011444092	47.536250019073485	Y	Y	상승전환/양호	FORMOSA CHEMICAL & FIBRE CO	TAI	TWD	Basic Materials	Chemicals	Chemicals	Formosa Chemicals & Fibre Corporation produces and sells petrochemical products, nylon, and rayon fibers in Taiwan and internationally. The company offers plastic products, including PS resin, ABS resin, PP resin, PC resin, homopolymer PP, polycarbonate, PC/ABS alloy, PP composite materials, SAN andASA resin, and nylon resin; petrochemical, such as benzene, para-xylene, ortho-xylene, meta-xylene, styrene monomer, phenol, acetone, PTA, and PIA; fibers, includes nylon 6 chip, full drawn yarn, part	412940533760.0	83.0	2.36				225714011000.0	63844980000.0	63720846000.0	128580720000.0	345866503000.0	27.674572989185965	1.8442112794284715	2.5649669545065112	18.739588363005485				판정불가	판정불가	8.5	20.06	-72.1001396741559	판정불가	일부부족
3008.TW	3008.TW	Taiwan 50	6660.0	71.42857142857142	191.46608315098467		-14.724711907810494	5081.375	3260.0	Y	Y	상승전환/양호	LARGAN PRECISION CO	TAI	TWD	Technology	Electronic Components	Electronic Components	Largan Precision Co., Ltd., together with its subsidiaries, designs, manufactures, and sells precision optical plastic lenses in China, South Korea, Vietnam, Japan, Taiwan, and internationally. The company offers mobile phone lens, voice coil motors, image lens modules, sleep health monitoring products, automotive and contact lenses, silicon carbide crystals, titanium niobate anode materials, and fiber optic lasers and space communications products, as well as video cameras, cameras, monocular a	850188304384.0	1.4	187.81	-17.904416715768722	-2.029321415748375		155056231000.0	0.0	1228000.0	120112000.0	188867185000.0	1185.4615320117907	103.71201064797552	1.5572373971167497	29.1493449123487	-2.029321415748375		-0.021589556048025368	판정불가	불리(<1)	4.44135716850325	834.1312898165953	-87.47550615890998	보류	일부부족
5871.TW	5871.TW	Taiwan 50	112.5	-3.9748934356795385	15.326634050123001		-7.085019324521403	114.0497543334961	108.06730361938476	N	Y	상승전환/양호	CHAILEASE HOLDING COMPANY LIMIT	TAI	TWD	Financial Services	Credit Services	Credit Services	Chailease Holding Company Limited, an investment holding company, provides leasing and financial products and services in Taiwan, Mainland China, ASEAN countries, and internationally. The company offers leasing services, including capital and operating leases for machinery, medical equipment, airplanes, boats, and office equipment; installment sales services for raw materials, semi-finished and finished products, furniture and fixtures, and production equipment, as well as for customers in vario	200749694976.0	5.16	11.17	-12.290661443557727	-10.052637909459694		182181078000.0	129895323000.0	544000413000.0	682487506000.0	182441248000.0	29.952033586397008	11.185158904614868	9.942363470768772	7.390149186535631	-10.052637909459694		-0.6620485982033706	판정불가	불리(<1)	0.0	0.0	-100.0	보류	일부부족
3711.TW	3711.TW	Taiwan 50	621.0	9.13884007029877	94.0625		-14.580467675378262	603.5	442.14	Y	Y	상승전환/양호	ASE TECHNOLOGY HOLDING CO LTD	TAI	TWD	Technology	Semiconductors	Semiconductors	ASE Technology Holding Co., Ltd., together with its subsidiaries, provides semiconductor manufacturing services in the United States, Taiwan, rest of Asia, Europe, and internationally. It operates through Packaging, Testing, and EMS. The company offers semiconductor packaging, interconnect materials production, front-end engineering testing, wafer probing, and final testing services, as well as integrated solutions for EMS (electronic manufacturing services) in relation to computing, peripherals	3218130337792.0	1.06	13.04	23.585762669903666	-13.347387041498415		111497789000.0	214080678000.0	40733681000.0	263662466000.0	342181952000.0	-19.699706700617764	-4.531894940155056	-0.7297737423760154	49.13341309053818	-13.347387041498415		-0.2500820982832281	판정불가	불리(<1)	0.0	0.0	-100.0	보류	일부부족
6669.TW	6669.TW	Taiwan 50	2490.0	40.13506719628053	88.98621771667965		-4.780016933947239	2048.419107055664	1586.1979528808595	Y	Y	상승전환/양호	WIWYNN CORPORATION	TAI	TWD	Technology	Computer Hardware	Computer Hardware	Wiwynn Corporation engages in the research, development, design, testing, and sales of semi products, and peripheral equipment and parts in the United States, Europe, Asia, and internationally. The company also offers computer and peripheral equipment, data storage media products, electric appliances, and software products; and provides management consulting, information software, and data processing services. In addition, it provides multi-node and storage server, storage, open rack, edge/ai pl	1304602345472.0	1.94	98.11	124.43706509365401	53.35114708016857		89933848000.0	27984645000.0	72197241000.0	104069333000.0	124652762000.0	111.11518747966012	-26.109945905256076	-1.0485922050303644	24.24711866802915	53.35114708016857	0.4544816746225531	2.2803182447022987	매우 유망	안심(>=2)	60.0	5886.6	136.40963855421688	보류	충분
3034.TW	3034.TW	Taiwan 50	540.0	12.38293444328824	42.48021108179421		-4.761904761904767	519.1875	441.115	Y	Y	상승전환/양호	NOVATEK MICROELECTRONICS	TAI	TWD	Technology	Semiconductors	Semiconductors	Novatek Microelectronics Corp., a fabless chip design company, designs, develops and sells a range of display driver integrated circuits (IC) and system-on-a-chip (SoC) solutions in Taiwan, Asia, and internationally. The company offers display driver ICs for LCD displays, televisions (TVs), notebook computers, desktop monitors, cameras, tablets, PCs, automotive displays, smartphones, and wearable products. The company also provides SoC solutions, including timing controllers, LCD monitors, TVs, 	324945412096.0	4.26	28.62	-19.635846408771286	-16.390208004150118		42974255000.0	0.0	74993000.0	552286000.0	67739247000.0	70.62186941259992	20.017398177850232	3.7069255884907837	16.40035396881202	-16.390208004150118		-0.7396308657250759	판정불가	불리(<1)	0.0	0.0	-100.0	보류	일부부족
2357.TW	2357.TW	Taiwan 50	999.0	17.529411764705884	93.2301740812379		-2.536585365853661	856.175	660.1025	Y	Y	상승전환/양호	ASUSTEK COMPUTER INC	TAI	TWD	Technology	Computer Hardware	Computer Hardware	ASUSTeK Computer Inc. researches and develops, designs, manufactures, sells, and repairs 3C information products in Taiwan, China, Singapore, Europe, the United States, and internationally. The company provides phone and accessories; laptops for home, work, creators, students, gaming, and accessories; monitors, projectors, all-in-one PCs, tower PCs, gaming tower PCs, NUCs, mini-PCs, and accessories; and motherboards, graphics cards, cases, cooling, power supply units, sound cards, optical drives	718991917056.0	4.2	67.93	41.93166968721522	44.75258349821978		108306629000.0	293123000.0	29754617000.0	31769504000.0	268296918000.0	145.42175841713023	37.02223010632717	3.7059289395722894	12.565556331265562	44.75258349821978	0.28077834504828997	3.8957752611729717	매우 유망	안심(>=2)	60.0	4075.8	307.987987987988	매우 유망	충분
4938.TW	4938.TW	Taiwan 50	93.5999984741211	-1.5772870915536141	34.67625679729653		-4.9746208384557455	87.9275001525879	79.06149997711182	Y	Y	상승전환/양호	PEGATRON CORPORATION	TAI	TWD	Technology	Computer Hardware	Computer Hardware	Pegatron Corporation, together with its subsidiaries, designs, develops, manufactures, and sells computer, communication, and consumer electronic products in Europe, the United States, Taiwan, China, Japan, and internationally. The company offers notebooks, desktops, PCs, motherboards, rugged computers, and servers; tablets and game consoles; and smartphones, cable modems, set-top boxes, and network switches. It also provides automotive products; and smart electronics, including Internet of Thin	245362475008.0	4.28	5.88	-14.660756568839329	-1.5555407129723142		160438242000.0	14142988000.0	59107439000.0	75095748000.0	207343291000.0	54.675329132791624	-0.8415901168446437	-0.8991347548764437	6.619841724715896	-1.5555407129723142		0.411559581078143	판정불가	불리(<1)	5.388918574055372	31.686841215445583	-66.1465366111021	보류	일부부족
2892.TW	2892.TW	Taiwan 50	37.29999923706055	22.295079465772293	28.17868985600567		0.0	34.57875003814697	30.3927499294281	Y	Y	상승전환/양호	FIRST FINANCIAL HOLDING CO LTD	TAI	TWD	Financial Services	Banks - Regional	Banks - Regional	First Financial Holding Co., Ltd., together with its subsidiaries, provides various financial products and services in Asia, North America, Oceania, and Europe. It operates through four segments: Bank, Security, Insurance, and Other. The company engages in commercial banking products and services; trading and proprietary trading of securities, securities underwriting, stock brokerage services, margin trading, and issuing warrant; securities investment trust funds and discretionary investment ser	544262848512.0	3.49	1.87	6.2043853474740285	9.354208373482065		408389857000.0	0.0	0.0	128816067000.0	292366858000.0	28.400901688435205	4.267165864550761	11.440123195259986	4.758875694452054	9.354208373482065	0.5087416812247665	2.6990006039569336	헐값	안심(>=2)	27.20841674696413	50.87973931682293	36.40681060998472	양호	충분
5880.TW	5880.TW	Taiwan 50	26.5	13.888894809089635	18.09782829052564		-1.5851416969950516	25.28640208244324	23.61874352455139	Y	Y	상승전환/양호	TAIWAN COOPERATIVE FINANCIAL HL	TAI	TWD	Financial Services	Banks - Regional	Banks - Regional	Taiwan Cooperative Financial Holding Co., Ltd., together with its subsidiaries, provides banking, insurance, securities, bills finance, investment trust, asset management, and capital management services in Taiwan. The company offers general deposits and loans. It is also involved in the planning, management, and operation of the trust business; securities investment trust, discretionary investment, and securities investment consulting business; venture capital activities; investment consulting;	431558950912.0	3.02	1.33	10.795205957729625	1.692729712658969		499854174000.0	0.0	0.0	133679747000.0	279252593000.0	31.099076031986392	0.25382494909618075	0.9578299965893613	-3.457951903749167	1.692729712658969	-2.042825784819099		판정불가	판정불가	11.885459425317938	15.807661035672858	-40.34844892198921	보류	충분
2912.TW	2912.TW	Taiwan 50	215.0	-4.01785714285714	-1.82648401826484		-15.686274509803921	226.0375	225.48	N	N	주의	PRESIDENT CHAIN STORE CORP	TAI	TWD	Consumer Defensive	Grocery Stores	Grocery Stores	President Chain Store Corporation operates and manages convenience stores, restaurants, drugstores, department stores, supermarkets, and online shopping stores in Taiwan and internationally. It operates through Convenience Stores, Retail Business Group, Logistics Business Group, and Other Operating segments. The company engages in the logistics and storage of publication and e-commerce; trade, enterprise information management and consultancy, and art and cultural exhibition activities; operatio	225598029824.0	4.19	11.07	-2.8466174876112804	6.49584678036641		53581230000.0	15164601000.0	21368169000.0	141409381000.0	42561437000.0	36.952488093860595	18.0470213192964	8.393963404323907	16.083786080048725	6.49584678036641	2.476010691733325	0.6643862786524974	매우 불리	불리(<1)	21.49169356073282	237.9130477173123	10.657231496424323	보류	충분
6505.TW	6505.TW	Taiwan 50	79.69999694824219	52.099226388153006	16.86217084251116		-14.484979015071332	74.26249961853027	57.236999950408936	Y	Y	상승전환/양호	FORMOSA PETROCHEMICAL CORPORATI	TAI	TWD	Energy	Oil & Gas Refining & Marketing	Oil & Gas Refining & Marketing	Formosa Petrochemical Corporation, together with its subsidiaries, engages in the production and sale of petroleum products and petrochemical raw materials in Taiwan, Australia, South Korea, the Philippines, Singapore, Malaysia, Mainland China, and internationally. The company offers gasoline, diesel, jet fuel/kerosene, fuel oil/asphalt/sulfur, naphtha, base oil, liquified petroleum gas, and lubricants. It also provides ethylene, propylene, butadiene, and BTX; and electricity, steam, and other u	758266396672.0	1.51	5.76	65.39056473393204	-11.858616047153191		200328918000.0	8825000000.0	8835896000.0	21130412000.0	355792088000.0	20.103372048591428	3.8845712138199193	4.873991671972824	10.34663626730048	-11.858616047153191		-1.0001913452644478	판정불가	불리(<1)	0.0	0.0	-100.0	보류	일부부족
2603.TW	2603.TW	Taiwan 50	233.0	4.954954954954949	10.688836104513054		-7.3558648111332054	218.4375	202.0775	Y	Y	상승전환/양호	EVERGREEN MARINE CORP(TAIWAN)	TAI	TWD	Industrials	Marine Shipping	Marine Shipping	Evergreen Marine Corporation (Taiwan) Ltd., together with its subsidiaries, engages in the shipping carrier and agency, container terminal operations, and commercial port area ship repair businesses in Taiwan, North America, Europe, Asia, and internationally. The company provides cargo loading and discharging, terminal, inland transportation, real estate leasing, security, computer system, terminal logistics, leasing storehouse, management consultancy and self-owned property leasing, and contain	495794847744.0	6.87	25.19	-50.82184326762367	-41.016405023033144		197518389000.0	54439928000.0	0.0	165741821000.0	563818129000.0	66.08573640338783	36.58146189244278	15.700198237099908	6.626211337697981	-41.016405023033144		-5.153232108485086	판정불가	불리(<1)	0.0	0.0	-100.0	보류	일부부족
2615.TW	2615.TW	Taiwan 50	114.5	35.18300369003291	41.1837264541217		-9.486166007905139	96.43749961853027	82.2069998550415	Y	Y	상승전환/양호	WAN HAI LINES	TAI	TWD	Industrials	Marine Shipping	Marine Shipping	Wan Hai Lines Ltd. operates as a fully containerized shipping company in Asia, the Middle East, India, Red Sea, the United States, and South America. The company engages in international marine and freight transportation; and management of container. It also provides cargo tracking/terminal info, shipping schedule, documentation, and other services; and storage and logistics, shipping agency, container storage, and information software services. In addition, the company is involved in the sale a	314288373760.0	2.62	14.55	-33.63087517720952	-30.337164256193983		147371856000.0	46058874000.0	8802145000.0	66661245000.0	275317207000.0	36.10395451926528	3.186486278834205	2.7829574487634976	5.388044362937094	-30.337164256193983		-5.144197484128544	판정불가	불리(<1)	0.0	0.0	-100.0	보류	일부부족
2327.TW	2327.TW	Taiwan 50	589.0	-28.692493946731233	137.0221327967807		-48.33333333333333	597.5625	454.985	N	Y	상승전환/양호	YAGEO CORP	TAI	TWD	Technology	Electronic Components	Electronic Components	Yageo Corporation, together with its subsidiaries, manufactures and sells electronic components in China, Europe, the United States, and the rest of Asia. It offers antennas, radio frequency, and microwave; capacitors; circuit protection; custom products; electromechanical devices; EMC; engineering kits; inductors; piezoelectric devices; power supplies; resistors; semiconductors; sensors; signal magnetics and connectors; and transformers. The company's products are used for various applications,	1164653756416.0	1.02	14.84	22.099803869339073	1.3081472653207582		114742022000.0	62087637000.0	86197379000.0	150894630000.0	170877823000.0	25.634259252001737	11.954978636342352	2.0297077481056625	37.96265099380042	1.3081472653207582	29.02016615422268	0.06132730998425167	매우 불리	불리(<1)	11.116294530641516	164.9658108347201	-71.9922222691477	보류	충분
3037.TW	3037.TW	Taiwan 50	949.0	-2.063983488132093	143.95886889460155		-19.576271186440675	953.825	634.8441388702392	N	Y	상승전환/양호	UNIMICRON TECHNOLOGY	TAI	TWD	Technology	Electronic Components	Electronic Components	Unimicron Technology Corp., together with its subsidiaries, engages in the manufacturing, processing, and sale of printed circuit boards, electrical equipment, electronic products, and integrated circuit product testing and burn-in systems in Taiwan, China, Asia, the Americas, and internationally. The company offers PCB products, including HDI, ELIC, multi-layer and rigid flex PCBs, and FPC; IC carriers, such as FCCSP, FCBGA, CSP, memory module, and coreless; connectors comprising PCBeam and X-B	1564931653632.0	21.0	15.18	31.307777963397943	-39.15067182208464		55226513000.0	34873158000.0	22207016000.0	57080174000.0	100569302000.0	12.407634285863741	-6.759854846463824	-0.7123134717032481	61.69910182570067	-39.15067182208464		-0.29418048699250277	판정불가	불리(<1)	0.0	0.0	-100.0	보류	일부부족
3045.TW	3045.TW	Taiwan 50	117.0	0.0	8.837209302325588		-2.904564315352698	112.8375	110.6475	Y	Y	상승전환/양호	TAIWAN MOBILE CO	TAI	TWD	Consumer Cyclical	Specialty Retail	Specialty Retail	Taiwan Mobile Co., Ltd. provides telecommunications, broadband, retail, digital, and financial services in Taiwan and internationally. It operates through Telecommunications, Retail, Cable Television and Broadband, and Others segments. The company provides 5g, postpaid, prepaid, e-sim, international call, international roaming, and gaming services. Taiwan Mobile Co., Ltd. was incorporated in 1997 and is based in Taipei, Taiwan.	357638078464.0	4.05	5.23	4.492225214732648	9.403068233707245		13361407000.0	61415627000.0	21702384000.0	96404740000.0	86139857000.0	-15.855130082202884	8.641194731867953	7.385636522964063	25.40251053196996	9.403068233707245	2.7015129424361084	0.5295960104721178	매우 불리	불리(<1)	27.30613646741449	142.8110937245778	22.060763867160517	보류	충분
6415.TW	6415.TW	Taiwan 50	418.0	-20.833333333333336	79.3991416309013		-37.89004457652303	444.725	367.115	N	Y	상승전환/양호	SILERGY CORP	TAI	TWD	Technology	Semiconductors	Semiconductors	Silergy Corp. designs, manufactures, and sales of various integrated circuit products and related technical services in China and internationally. The company offers DC-DC and AC-DC regulators, AC and DC LED drives, power and battery management IC's, power modules, protection switch IC's, low dropout regulators, sensors, ESD protection, audio products, amplifiers, data converters, motor and DC LED drivers, voltage reference products, MCU and mixed-signal ICs, clock generators, and embedded proce	159431770112.0	61.0	9.7	8.385873715869895	-25.690270567653716		24353135000.0	2695036000.0	729497000.0	3589013000.0	37316511000.0	55.69667847903348	0.22378348908856188	0.05353671987764638	37.350857888759435	-25.690270567653716		0.9453525682732065	판정불가	불리(<1)	0.0	0.0	-100.0	보류	일부부족
2395.TW	2395.TW	Taiwan 50	680.0	38.917262512768126	95.96541786743515		-4.360056258790435	626.7	417.3625	Y	Y	상승전환/양호	ADVANTECH CO LTD	TAI	TWD	Technology	Computer Hardware	Computer Hardware	Advantech Co., Ltd. engages in the research and development, design, manufacturing, and marketing of embedded computing boards, industrial automation products, and applied and industrial computers. The company operates through Intelligent Systems; Embedded Design-In; IoT Automation; Intelligent Service; and Advantech Service Plus and Others segments. It offers AIOT software, distribution, and services, application focus embedded, arm-based computing platforms, computer on modules, digital signag	570963263488.0	1.64	15.71	17.628700470636606	-0.5125786354135187		27070551000.0	150327000.0	77029000.0	1994309000.0	54947481000.0	30.976753819705745	7.927603371973405	1.1658240252902066	41.312746415041005	-0.5125786354135187		0.02728991564153221	판정불가	불리(<1)	7.474842729172963	117.42977927530725	-82.73091481245481	보류	일부부족
2379.TW	2379.TW	Taiwan 50	729.0	11.981566820276491	50.6198347107438		-18.999999999999993	731.45	590.925	N	Y	상승전환/양호	REALTEK SEMICONDUCTOR CORP	TAI	TWD	Technology	Semiconductors	Semiconductors	Realtek Semiconductor Corp., together with its subsidiaries, engages in the research, development, production, and sale of various integrated circuits and related application software in Taiwan, Asia, and internationally. It provides communications network ICs, including broadband access controllers, gateway controllers, digital home centers, gigabit ethernet, switch controllers, wireless LAN ICs, and DTV demodulators, as well as Bluetooth, GNSS, and Internet of Things products. The company also	354901196800.0	3.43	27.05	-3.5195699659979707	-3.0782274650865915		109685323000.0	0.0	10095000000.0	11385412000.0	52202368000.0	213.86866083145011	35.78080306046644	4.908203437649717	19.04367242767282	-3.0782274650865915		0.018471885412303116	판정불가	불리(<1)	2.343545069826817	63.3928941388154	-91.30412974776195	보류	일부부족
2474.TW	2474.TW	Taiwan 50	208.5	-5.227272727272725	14.560439560439553		-18.8715953307393	196.8125	200.2375	Y	Y	상승전환/양호	CATCHER TECHNOLOGY	TAI	TWD	Industrials	Metal Fabrication	Metal Fabrication	Catcher Technology Co., Ltd., together with its subsidiaries, engages in the manufacture and sale of aluminum and magnesium extrusions, alloy housings, and molds in Taiwan, China, the United States, Singapore, and internationally. Its products include chassis and interior mechanical components; upper case, lower case, keyboard cover, and monitor casings for notebook computers; casings for various server specifications and desktop computers; industrial computer casings and internal parts; and com	106843963392.0	4.93	13.64	-45.850088476855554	-13.129081883496463		166299185000.0	0.0	62082792000.0	62642682000.0	142844857000.0	319.0758903717252	1.036474087223013	0.49710987396787193	-8.106736830771643	-13.129081883496463			판정불가	판정불가	0.0	0.0	-100.0	판정불가	일부부족
4904.TW	4904.TW	Taiwan 50	102.0	-3.3175355450236976	11.475409836065564		-9.333333333333337	102.12250003814697	95.77200008392334	N	Y	상승전환/양호	FAR EASTONE TELECOMMUNICATIONS	TAI	TWD	Communication Services	Telecom Services	Telecom Services	Far EasTone Telecommunications Co., Ltd. provides mobile telecommunications services in Taiwan and internationally. The company offers postpaid products, such as wireless postpaid and broadband, and data booster; prepaid products; and SMS and eSIM products. It also provides mobile communication and lifestyle services, including mobile communication voice, internet access, and related services, as well as mobile phones and accessories; and cable network, enterprise customer services, communicatio	375201333248.0	3.73	4.11	6.923482474870757	12.64259853453671		9372288000.0	37946397000.0	5199584000.0	53567997000.0	92140651000.0	-7.920300856084408	7.162856996345322	7.022408819946395	26.744598748439028	12.64259853453671	2.1154352624089783	0.6121833678844149	매우 불리	불리(<1)	33.78519706907342	138.85715995389177	36.13447054303114	보류	충분
2408.TW	2408.TW	Taiwan 50	517.0	42.42424242424243	146.1904761904762		-4.788213627992633	465.725	305.1	Y	Y	상승전환/양호	NANYA TECHNOLOGY CORPORATION	TAI	TWD	Technology	Semiconductors	Semiconductors	Nanya Technology Corporation research, develops, manufactures, and sells semiconductor products in Taiwan, Japan, Malaysia, China, the United States, Thailand, Germany, Singapore, Poland and internationally. It offers standard dynamic random-access memory (DRAM), low power DRAM, MCP and eMCP, and KGD products, as well as modules; and other memory products and Elixir brands. The company engages in the import and export of its machinery, equipment, and raw materials. Its products have applications	1645371326464.0	26.0	28.64		-23.232591966740635		58074065000.0	14196100000.0	5059500000.0	23617455000.0	170399852000.0	14.160449855886213	1.5764312972202954	0.30491901300199137	17.557246862573805	-23.232591966740635		0.15762198110676198	판정불가	불리(<1)	0.0	0.0	-100.0	보류	일부부족
1590.TW	1590.TW	Taiwan 50	1370.0	4.980842911877392	41.3828689370485		-14.10658307210031	1426.25	1206.56	N	Y	상승전환/양호	AIRTAC INTERNATIONAL GROUP	TAI	TWD	Industrials	Specialty Industrial Machinery	Specialty Industrial Machinery	Airtac International Group manufactures and sells pneumatic control components in Taiwan and internationally. The company offers preparation units and control components comprising solenoid, pneumatic and flow control, ordinary coils, and other valves. It also provides actuators, such as standard, mini, compact, slide table, guided, rodless magnetic, clamp, free mount, and rotary table cylinders; air grippers; GA series, GP series, pressure switch, vacuum components, and other series; and cylind	267000004608.0	2.19	52.06	10.184337557847734	11.787839441212888		4192979000.0	0.0	328670000.0	457708000.0	52581178000.0	20.96489520964895	24.213870242138704	1.7674357840977157	25.913083073191526	11.787839441212888	2.1982894492601983	0.5394124428086179	매우 불리	불리(<1)	32.07567888242578	1669.859842619086	21.887579753217956	보류	충분
9910.TW	9910.TW	Taiwan 50	69.80000305175781	-19.119350424708838	-20.68181471391157		-48.29629403573495	68.89500064849854	86.94150024414063	Y	N	주의	FENG TAY ENTERPRISE CO LTD	TAI	TWD	Consumer Cyclical	Footwear & Accessories	Footwear & Accessories	Feng Tay Enterprises Co., Ltd. manufactures and sells athletic shoes in Singapore, the United States, Mainland China, Switzerland, Mexico, and internationally. The company provides casual shoes, ice skates, ski boots, golf balls, soccer balls, backpacks, ice hockey helmets and clubs, shoe parts, shoe molds, and tools. It offers international trade services; manufactures and repairs molds, cutting dies, shoe lasts, and injections, as well as processes metal parts; manufactures and processes plast	70901268480.0	5.87	4.91	-14.200368069854896	-17.84382627271236		5299923000.0	3067431000.0	2765942000.0	6426104000.0	25804493000.0	2.260790953384987	5.676381861142846	8.132351881036048	13.75544034590078	-17.84382627271236		-0.8704793137560765	판정불가	불리(<1)	0.0	0.0	-100.0	보류	일부부족
5876.TW	5876.TW	Taiwan 50	46.95000076293945	11.182887336870673	21.122611580931782		0.0	44.1677227973938	40.61497970581055	Y	Y	상승전환/양호	THE SHANGHAI COMM & SAVINGS BAN	TAI	TWD	Financial Services	Banks - Regional	Banks - Regional	The Shanghai Commercial & Savings Bank, Ltd. provides various commercial banking services in Taiwan and Hong Kong. The company offers time, savings, demand, checking, and negotiable certificate of deposit accounts, as well as remittance services. In addition, it offers traveling, human resources, insurance, microfinance, leasing, real estate, nominee, trustee, commodity trading, property holding, IT application, securities brokerage, and property management services. Further, the company is invo	238818902016.0	3.83	3.12	10.009813418913694	-0.24655051291825325		447087330000.0	0.0	0.0	66784497000.0	204918623000.0	91.26374672783328	-6.190649873347571	-13.185622519167742	-14.203123706696738	-0.24655051291825325			판정불가	판정불가	8.006898974163494	24.981524799390105	-46.791215349437074	보류	일부부족
3529.TW	3529.TW	Taiwan 50											3529.TW													0.0	0.0	0.0	0.0									판정불가	판정불가				판정불가	핵심부족
3443.TW	3443.TW	Taiwan 50	5935.0	37.7030162412993	171.00456621004568		-3.1020408163265345	4872.875	3539.975	Y	Y	상승전환/양호	GLOBAL UNICHIP CORP.	TAI	TWD	Technology	Semiconductors	Semiconductors	Global Unichip Corp. engages in the research and development, production, testing, and sale of embedded memory and logic components, analog components, cell libraries, and EDA tools for various IC applications. It offers ASIC and wafer products, as well as non-recurring engineering services. The company also provides product design, technical support, and consulting services. In addition, it offers SoC design services, such as technology design, design methodology, low power solution, and testab	798705582080.0	34.0	39.17	9.244163603420642	0.5283531709970202		11319194000.0	0.0	79254000.0	269671000.0	12912792000.0	84.46466334853109	-17.266985545962644	-0.29093488704233605	149.36265858186033	0.5283531709970202	282.6947329567607	0.2311712545748057	매우 불리	불리(<1)	9.55670634199404	374.3361874159066	-93.69273483713721	보류	충분
3661.TW	3661.TW	Taiwan 50	4040.0	-4.941176470588237	34.8914858096828		-24.83720930232558	3708.5	3681.775	Y	Y	상승전환/양호	ALCHIP TECHNOLOGIES LIMITD	TAI	TWD	Technology	Semiconductors	Semiconductors	Alchip Technologies, Limited, together with its subsidiaries, engages in the research, design, development, and manufacturing of application specific integrated circuits and system on a chip in the United States, China, Japan, Taiwan, and internationally. It offers ASIC design services, including SoC frontend design, physical backend design, and design for testability, as well as low power, high performance, and advanced package solutions; production services, such as advanced packaging, advance	330828054528.0	81.0	69.49	-13.146384445241877	45.05097024426139		45136061000.0	0.0	115478000.0	325240000.0	40805144000.0	549.827414772511	153.69966314954718	3.804447107662059	50.22553727482356	45.05097024426139	1.1148602794236446	2.5096987923600906	보통	안심(>=2)	60.0	4169.4	3.2029702970296947	보류	충분
2376.TW	2376.TW	Taiwan 50	364.5	1.532033426183843	69.53488372093024		-8.64661654135338	347.5375	287.3975	Y	Y	상승전환/양호	GIGA-BYTE TECHNOLOGY CO	TAI	TWD	Technology	Computer Hardware	Computer Hardware	Giga-Byte Technology Co., Ltd., together with its subsidiaries, manufactures, processes, and trades in computer hardware peripherals and components in Taiwan, Europe, America, Canada, Singapore, Japan, China, Malaysia, and internationally. It operates through Brand Business Group; and Other Business Group segments. The company offers motherboards, graphic cards, laptops, monitors, storage devices, and desktop. It also provides PC peripherals, such as keyboards, mouse products, headsets, and gami	246224486400.0	3.29	26.17	24.532095695578704	23.075959784638968		44512351000.0	9491563000.0	33755960000.0	43724658000.0	59100160000.0	50.77651419661559	5.343712047421402	1.4660389704859813	11.987905456759052	23.075959784638968	0.5194975883403589	2.1993800234529917	헐값	안심(>=2)	54.651919569277936	1430.2407351280037	292.38428947270336	양호	충분
