순위	종목코드	종목명	그룹	판정구분	현재가	현금배당금(FY2025 DPS)	EPS(FY2025)	현금및현금성자산	유가증권성자산	장기부채	단기위험부채	주주지분	총부채	주주지분비중	부채비중	주주대부채배수	주주대부채판정	업종보정유형	업종보정판정	주당순현금(린치식)	주당순현금(보수형)	순현금차감PER(린치식)	순현금차감PER(보수형)	현금보다부채많음(린치형)	현금보다부채많음(보수형)	연간이익증가율(1년,%)	연간이익증가율(3년CAGR,%)	연간이익증가율(5년CAGR,%)	그레이엄적정PER(1년)	그레이엄적정PER(3년)	그레이엄적정PER(5년)	그레이엄내재가치(1년)	그레이엄내재가치(3년)	그레이엄내재가치(5년)	그레이엄괴리율(1년,%)	그레이엄괴리율(3년,%)	그레이엄괴리율(5년,%)	그레이엄사용기준	그레이엄적정PER(선택)	그레이엄내재가치(선택)	그레이엄괴리율(선택,%)	배당수익률(%)	배당감안이익성장률(1년)	배당감안이익성장률(3년)	배당감안이익성장률(5년)	주당잉여현금흐름	잉여현금흐름수익률(%)	배당감안점수기준	배당감안점수	배당감안점수판정	사용연성장률기준	사용연성장률(%)	린치PER배수	린치PER판정	하드필터통과	하드필터사유	종합판정	종합판정사유	발행주식수	비고
1	015750	성우하이텍	직접추가	메인	6090.0	200.0	2110.0	393080902555.0	91530269981.0	2365979543.0	1905976554324.0						판정불가	일반	일반	6028.0649124125	-17796.6420166375	0.029353122079383776	11.320683420207345	N	Y	20.84765177548682	63.02385728102815		50.19530355097364	134.54771456205629		105912.09049255439	283895.6777259388		1639.1147864130442	4561.669584990785		3년	134.54771456205629	283895.6777259388	4561.669584990785	3.284072249589491	822.1177958451403	2258.9736570880527		791.4473300375	12.995851067939245	3년	2258.9736570880527	안심(>=2)	3년	63.02385728102815	0.0004657462006569351	매우 유망	Y	통과	매우 유망	배당감안점수>=2 & 린치PER배수<=0.5	80000000.0	주당순현금 음수(보수형); 단기위험부채 존재; fs=2025:CFS,2024:CFS,2022:CFS,2020:CFS
2	039200	오스코텍	직접추가	메인	35950.0		1368.0	15192017092.0		7091325790.0	6000000000.0						판정불가	일반	일반	211.7375198964007	54.90829730094817	26.124460877268714	26.239102121856032	N	N	5847.826086956522			11704.152173913044			16011280.173913045			44437.63608877064			1년	11704.152173913044	16011280.173913045	44437.63608877064		223.84485231788278					1년	223.84485231788278	안심(>=2)	1년	5847.826086956522	0.004467379926967884	매우 유망	N	주당FCF<=0	제외	하드필터 미통과	38258176.0	단기위험부채 존재; fs=2025:CFS,2024:CFS,2022:CFS,2020:CFS
3	171090	선익시스템	직접추가	메인	68600.0	1000.0	10959.0	149747229475.0	1000000000.0	41619580773.0	37350000000.0						판정불가	일반	일반	11413.23046060536	7506.941240834078	5.218247060807979	5.5746928332116	N	N	-441.2955465587045		108.97178221983204			226.44356443966407			2481595.0226942785			3517.4854558225634	5년	226.44356443966407	2481595.0226942785	3517.4854558225634	1.4577259475218658	-84.288423964173		21.1621847107897	7500.184985855782	10.933214265095891	5년	21.1621847107897	안심(>=2)	5년	108.97178221983204	0.047886222969915765	매우 유망	Y	통과	매우 유망	배당감안점수>=2 & 린치PER배수<=0.5	9561504.0	단기위험부채 존재; fs=2025:CFS,2024:CFS,2022:CFS,2020:CFS
4	041510	에스엠	직접추가	메인	79900.0	1620.0	15166.0	364611980599.0	229637014667.0	71674775222.0	5166699000.0						판정불가	일반	일반	22825.127575171362	22599.45520310605	3.7633438233435736	3.7782239744754027	N	N	1807.6729559748428	64.77467023251435		3623.8459119496856	138.0493404650287		54959247.100628935	2093656.2974926254		68685.04017600618	2520.3458041209333		3년	138.0493404650287	2093656.2974926254	2520.3458041209333	2.0275344180225283	480.87567209977163	17.75075777986873				3년	17.75075777986873	안심(>=2)	3년	64.77467023251435	0.058099003975392256	매우 유망	N	주당FCF<=0	제외	하드필터 미통과	22894690.0	단기위험부채 존재; 1년 점수 과열 가능; fs=2025:CFS,2024:CFS,2022:CFS,2020:CFS
5	018290	브이티	직접추가	메인	12350.0		1728.0	84220398087.0	525529750.0	0.0	35176445000.0						판정불가	일반	일반	2425.342588933072	1418.6283743001727	5.7434360017748425	6.3260252463540665	N	N	-37.41398044186889	71.59549321993607	119.38804809293298		151.69098643987215	247.27609618586595		262122.02456809906	427293.0942091764		2022.4455430615308	3359.8631110054766	3년	151.69098643987215	262122.02456809906	2022.4455430615308		-6.514215607226611	12.465620440066115	20.786868358250977	1286.287521709648	10.415283576596341	3년	12.465620440066115	안심(>=2)	3년	71.59549321993607	0.08022063601309974	매우 유망	Y	통과	매우 유망	배당감안점수>=2 & 린치PER배수<=0.5	34941838.0	단기위험부채 존재; fs=2025:CFS,2024:CFS,2022:CFS,2020:CFS
6	067160	SOOP	직접추가	메인	38250.0	3380.0	9556.0	134011835737.0	116354281889.0	5107094014.0	341000000.0						판정불가	일반	일반	21336.580690326304	21306.915017242194	1.7699266753530447	1.7730310781454381	N	N	0.7060807250500512	20.62187794636918	22.171262636843704	9.912161450100102	49.74375589273836	52.84252527368741	94720.61481715657	475351.3313110078	504963.17151535687	147.6355942932198	1142.74857859087	1220.1651542885147	3년	49.74375589273836	475351.3313110078	1142.74857859087	8.836601307189543	5.391569133979027	16.643898113848522	17.519292960454507	8736.18659282089	22.83970351064285	3년	16.643898113848522	안심(>=2)	3년	20.62187794636918	0.08582761860758027	매우 유망	Y	통과	매우 유망	배당감안점수>=2 & 린치PER배수<=0.5	11494767.0	단기위험부채 존재; fs=2025:CFS,2024:CFS,2022:CFS,2020:CFS
7	033500	동성화인텍	직접추가	메인	17120.0	400.0	1869.0	80845872158.0	216438728.0		7174500000.0						판정불가	일반	일반	2703.023628408002	2463.7898487383613	7.713738026533974	7.84173897873817	N	N	37.933579335793354	85.03864028854527	18.260466581831338	84.36715867158671	178.57728057709053	45.020933163662676	157682.21955719555	333760.93739858223	84144.12408288554	821.0410020864225	1849.5381857393822	391.4960518860137	3년	178.57728057709053	333760.93739858223	1849.5381857393822	2.336448598130841	5.2205594480136615	11.32720460380173	2.670160058471291	2286.215405268258	13.354061946660387	3년	11.32720460380173	안심(>=2)	3년	85.03864028854527	0.09070862375457121	매우 유망	Y	통과	매우 유망	배당감안점수>=2 & 린치PER배수<=0.5	29989494.0	단기위험부채 존재; fs=2025:CFS,2024:CFS,2022:CFS,2020:CFS
8	095660	네오위즈	직접추가	메인	17690.0	303.0	2522.0	71506938430.0									판정불가	일반	일반	3271.6081990167277	3271.6081990167277	5.7170467093510196	5.7170467093510196	N	N	2037.2881355932204	59.20438360697895	-2.0836107187727326	4083.076271186441	126.9087672139579	4.332778562454535	10297518.355932204	320063.9109136018	10927.267534510336	58110.95735405429	1709.2928824963358	-38.22912643012811	3년	126.9087672139579	320063.9109136018	1709.2928824963358	1.7128321085358962	356.65284391794256	10.655364353745147	-0.06485492057120625	3260.7172211176594	18.432545060020686	3년	10.655364353745147	안심(>=2)	3년	59.20438360697895	0.09656458459736586	매우 유망	Y	통과	매우 유망	배당감안점수>=2 & 린치PER배수<=0.5	21856816.0	1년 점수 과열 가능; fs=2025:CFS,2024:CFS,2022:CFS,2020:CFS
9	042000	카페24	직접추가	메인	16130.0		1642.0	49522683230.0	127627894802.0								판정불가	일반	일반	7304.258590773764	7304.258590773764	5.374994768103677	5.374994768103677	N	N	51.05795768169272			110.61591536338544			181631.33302667888			1026.0467019632913			1년	110.61591536338544	181631.33302667888	1026.0467019632913		9.499164163783215			2841.1426224507645	17.61402741754969	1년	9.499164163783215	안심(>=2)	1년	51.05795768169272	0.10527242005276934	매우 유망	Y	통과	매우 유망	배당감안점수>=2 & 린치PER배수<=0.5	24253054.0	fs=2025:CFS,2024:CFS,2022:CFS,2020:CFS
10	053800	안랩	직접추가	메인	57100.0	1400.0	5714.0	67126196416.0	212621651635.0	1087944763.0	210000000.0						판정불가	일반	일반	25044.690874925156	25025.817025398628	5.609959594867841	5.613262683689425	N	N	51.84693064044645	51.8781942609736	21.726884580572147	112.1938612808929	112.2563885219472	51.953769161144294	641075.723359022	641433.0040144064	296863.8369867785	1022.7245592977619	1023.3502697275068	419.9016409575806	3년	112.2563885219472	641433.0040144064	1023.3502697275068	2.4518388791593697	9.678994759477405	9.6845676374988	4.3099639223517645	5241.269111345467	9.179105273809924	3년	9.6845676374988	안심(>=2)	3년	51.8781942609736	0.10813714075410763	매우 유망	Y	통과	매우 유망	배당감안점수>=2 & 린치PER배수<=0.5	11126506.0	단기위험부채 존재; fs=2025:CFS,2024:CFS,2022:CFS,2020:CFS
11	257720	실리콘투	직접추가	메인	47150.0	306.0	2756.0	77322804082.0	702044561.0	13804276303.0	41523500000.0						판정불가	일반	일반	979.3266675259208	346.1172550697164	16.75278422803849	16.982540908900685	N	N	38.49246231155779	145.61530361348161		85.48492462311557	299.73060722696323		235596.45226130652	826057.5535175106		399.6743420176172	1651.9778441516664		3년	299.73060722696323	826057.5535175106	1651.9778441516664	0.6489925768822905	2.3364149120317883	8.730745540527346		-89.94114448626921	-0.1907553435551839	3년	8.730745540527346	안심(>=2)	3년	145.61530361348161	0.11504823883420076	매우 유망	N	주당FCF<=0	제외	하드필터 미통과	65576252.0	단기위험부채 존재; 주당FCF 음수; fs=2025:CFS,2024:CFS,2022:CFS,2020:NA
12	052400	코나아이	직접추가	메인	37450.0	1200.0	5176.0	241128404564.0	58021158699.0		39569006603.0						판정불가	일반	일반	20541.34352345222	17824.30610361353	3.2667419776947026	3.791671927431698	N	N	144.84389782403028	27.53848072272529	32.30025281189095	298.18779564806056	63.57696144545058	73.1005056237819	1543420.0302743614	329074.3524416522	378368.2171086951	4021.2817897846767	778.7032107921287	910.329017646716	3년	63.57696144545058	329074.3524416522	778.7032107921287	3.204272363150868	45.31982360347199	9.410829902020886	10.868481630158284	8756.869650891409	23.382829508388276	3년	9.410829902020886	안심(>=2)	3년	27.53848072272529	0.11862462604913872	매우 유망	Y	통과	매우 유망	배당감안점수>=2 & 린치PER배수<=0.5	14563291.0	단기위험부채 존재; 1년 점수 과열 가능; fs=2025:CFS,2024:CFS,2022:CFS,2020:CFS
13	033100	제룡전기	직접추가	메인	45900.0	1100.0	3655.0	50601367613.0	134698000000.0								판정불가	일반	일반	11536.212756940755	11536.212756940755	9.401856974845211	9.401856974845211	N	N	-26.547427652733123	67.55425231828578	75.58550187909223		143.60850463657155	159.67100375818447		524889.084446669	583597.5187361642		1043.549203587514	1171.4542891855428	3년	143.60850463657155	524889.084446669	1043.549203587514	2.3965141612200433	-2.5687386604719853	7.4401011062665585	8.29432060591372	4032.1279877756815	8.784592565960091	3년	7.4401011062665585	안심(>=2)	3년	67.55425231828578	0.1391749098272573	매우 유망	Y	통과	매우 유망	배당감안점수>=2 & 린치PER배수<=0.5	16062409.0	fs=2025:OFS,2024:OFS,2022:OFS,2020:OFS
14	241710	코스메카코리아	직접추가	메인	129100.0		4255.0	68851763088.0	12751654971.0	29565810529.0	131690603832.0						판정불가	일반	일반	4872.435161985019	-7458.145721161049	29.19566741198942	32.09357126231752	N	Y	6.189168954329927	157.5728435064407	76.98917138395909	20.87833790865985	323.6456870128814	162.47834276791818	88837.32780134767	1377112.3982398105	691345.3484774919	-31.187197675176094	966.7020900385829	435.511501531752	3년	323.6456870128814	1377112.3982398105	966.7020900385829		0.211989295089322	5.397131063417041	2.6370067276606566	-600.7903399812734	-0.4653681951830158	3년	5.397131063417041	안심(>=2)	3년	157.5728435064407	0.18528362351216987	매우 유망	N	주당FCF<=0	제외	하드필터 미통과	10680000.0	주당순현금 음수(보수형); 단기위험부채 존재; 주당FCF 음수; fs=2025:CFS,2024:CFS,2022:CFS,2020:CFS
15	035900	JYP Ent.	직접추가	메인	39500.0	877.0	4846.0	294471835825.0	24871949033.0	7018179911.0							판정불가	일반	일반	8789.859291236877	8789.859291236877	6.337214343533455	6.337214343533455	N	N	64.21552016265673	33.4510703273257	40.282569178136505	136.93104032531346	75.4021406546514	89.06513835627301	663567.821416469	365398.7736124407	431609.660474499	1579.9185352315671	825.0601863606094	992.682684745567	3년	75.4021406546514	365398.7736124407	825.0601863606094	2.220253164556962	10.483434791030115	5.6288649173247505	6.706862043582871	2865.683088481382	7.254893894889575	3년	5.6288649173247505	안심(>=2)	3년	33.4510703273257	0.18944728170197517	매우 유망	Y	통과	매우 유망	배당감안점수>=2 & 린치PER배수<=0.5	35532492.0	fs=2025:CFS,2024:CFS,2022:CFS,2020:CFS
16	006730	서부T&D	직접추가	메인	11080.0	100.0	1242.0	101942784570.0	72912659293.0	486846300963.0	177008800000.0						판정불가	일반	일반	-4805.261710923834	-7531.539067391196	12.790065789793747	14.985136125113685	Y	Y	133.0206378986867	62.959581135890886		274.5412757973734	134.41916227178177		340980.2645403377	166948.59954155295		2977.4392106528676	1406.756313551922		3년	134.41916227178177	166948.59954155295	1406.756313551922	0.9025270758122743	10.470873815314333	4.9931024016048475		1627.4085488696269	14.687802787632013	3년	4.9931024016048475	안심(>=2)	3년	62.959581135890886	0.20314725033173087	매우 유망	N	주당순현금<=0	제외	하드필터 미통과	64926923.0	주당순현금 음수(린치식); 주당순현금 음수(보수형); 단기위험부채 존재; fs=2025:CFS,2024:CFS,2022:CFS,2020:CFS
17	336570	원텍	직접추가	메인	5050.0	50.0	393.0	32498476963.0	75232106675.0	487294320.0							판정불가	일반	일반	1192.004046887448	1192.004046887448	9.816783595706239	9.816783595706239	N	N	20.1834862385321	35.49142835356642		48.8669724770642	79.48285670713284		19204.72018348623	31236.762685903206		280.29148878190557	518.5497561564991		3년	79.48285670713284	31236.762685903206	518.5497561564991	0.9900990099009901	2.1568760319514633	3.7162403558966153		553.7079332649815	10.964513529999634	3년	3.7162403558966153	안심(>=2)	3년	35.49142835356642	0.27659590078796537	매우 유망	Y	통과	매우 유망	배당감안점수>=2 & 린치PER배수<=0.5	89968897.0	fs=2025:CFS,2024:CFS,2022:CFS,2020:NA
18	101490	에스앤에스텍	직접추가	메인	41650.0	200.0	2797.0	80010035302.0	5017410958.0	26284266393.0							판정불가	일반	일반	2753.387064768448	2753.387064768448	13.906547349028086	13.906547349028086	N	N	92.63085399449037	49.44549088724932	38.14129881462278	193.76170798898073	107.39098177449864	84.78259762924556	541951.4972451791	300372.5760232727	237136.92556899984	1201.2040750184372	621.1826555180618	469.3563639111641	3년	107.39098177449864	300372.5760232727	621.1826555180618	0.4801920768307323	6.695482619402905	3.5900847069398076	2.7772163659409483	-824.5298757963427	-1.9796635673381575	3년	3.5900847069398076	안심(>=2)	3년	49.44549088724932	0.2812500614209539	매우 유망	N	주당FCF<=0	제외	하드필터 미통과	21334879.0	주당FCF 음수; fs=2025:CFS,2024:CFS,2022:CFS,2020:CFS
19	036620	감성코퍼레이션	직접추가	메인	3920.0		387.0	32602954268.0		0.0	10000000000.0						판정불가	일반	일반	360.23862771419766	249.74599420835182	9.19834979918812	9.483860480081779	N	N	20.560747663551403	29.066288067403256		49.62149532710281	66.63257613480651		19203.518691588786	25786.806964170122		389.88568090787726	557.826708269646		3년	66.63257613480651	25786.806964170122	557.826708269646		2.2352648151482746	3.159945936168763				3년	3.159945936168763	안심(>=2)	3년	29.066288067403256	0.31646111047470565	매우 유망	N	주당FCF<=0	제외	하드필터 미통과	90503771.0	단기위험부채 존재; fs=2025:OFS,2024:OFS,2022:OFS,2020:CFS
20	218410	RFHIC	직접추가	메인	48450.0	400.0	1131.0	109923743273.0		50413553988.0	7000000000.0						판정불가	일반	일반	2245.375875518357	1981.2592373850914	40.85289489344088	41.08641977242697	N	N	13.66834170854272	120.15011325715346	67.80648322593032	35.83668341708544	248.80022651430693	144.11296645186064	40531.28894472363	281393.05618768116	162991.76505705438	-16.344088865379504	480.7906216464008	236.412311779266	3년	248.80022651430693	281393.05618768116	480.7906216464008	0.8255933952528379	0.3547835506296672	2.961251753834206	1.6799807406598828	916.5035427473911	1.8916481790451827	3년	2.961251753834206	안심(>=2)	3년	120.15011325715346	0.340015450555629	매우 유망	Y	통과	매우 유망	배당감안점수>=2 & 린치PER배수<=0.5	26503442.0	단기위험부채 존재; fs=2025:CFS,2024:CFS,2022:CFS,2020:CFS
21	078600	대주전자재료	직접추가	메인	85800.0	100.0	1377.0	87095348554.0	15651970912.0	158800187034.0	175574260916.0						판정불가	일반	일반	-3620.8475714076326	-14962.419623330967	64.93888712520526	73.17532289276032	Y	Y	-39.28571428571429	173.91745789192484	31.893371216078826		356.3349157838497	72.28674243215765		490673.17903436103	99538.84432908108		471.88016204470983	16.01263907818309	3년	356.3349157838497	490673.17903436103	471.88016204470983	0.11655011655011654	-0.6031696245986503	2.6799659759017604	0.492923774177286	-829.2141970272069	-0.9664501130853227	3년	2.6799659759017604	안심(>=2)	3년	173.91745789192484	0.37338912327915547	매우 유망	N	주당순현금<=0 / 주당FCF<=0	제외	하드필터 미통과	15480593.0	주당순현금 음수(린치식); 주당순현금 음수(보수형); 단기위험부채 존재; 주당FCF 음수; fs=2025:CFS,2024:CFS,2022:CFS,2020:CFS
22	145020	휴젤	직접추가	메인	243000.0		13061.0	209698099582.0	329970257844.0	26913106215.0							판정불가	일반	일반	41673.754549504214	41673.754549504214	15.414305600681097	15.414305600681097	N	N	4.321086261980822	39.501975429687434	31.2527994792986	17.142172523961644	87.50395085937487	71.0055989585972	223893.91533546304	1142889.102174295	927404.1279982381	-7.862586281702455	370.3247334050597	281.64778929968645	3년	87.50395085937487	1142889.102174295	370.3247334050597		0.2803296089958078	2.562682773588062	2.0275191298865685	9796.458970973175	4.031464597108303	3년	2.562682773588062	안심(>=2)	3년	39.501975429687434	0.3902160697790466	매우 유망	Y	통과	매우 유망	배당감안점수>=2 & 린치PER배수<=0.5	12304033.0	fs=2025:CFS,2024:CFS,2022:CFS,2020:CFS
23	060250	NHN KCP	직접추가	메인	15300.0	250.0	1195.0	374983454305.0	42744455032.0	1106182931.0							판정불가	일반	일반	10373.889142423655	10373.889142423655	4.122268500063886	4.122268500063886	N	N	2.224123182207016	9.78930899024495	-2.781281006491565	12.948246364414032	28.0786179804899	2.93743798701687	15473.154405474768	33553.948486685425	3510.23839448516	1.131728140357957	119.30685285415312	-77.05726539552184	3년	28.0786179804899	33553.948486685425	119.30685285415312	1.6339869281045754	0.9359191693243173	2.7711188434650698	-0.278316193709655	4859.738255028043	31.76299513090224	3년	2.7711188434650698	안심(>=2)	3년	9.78930899024495	0.42109902794688864	매우 유망	Y	통과	매우 유망	배당감안점수>=2 & 린치PER배수<=0.5	40160611.0	fs=2025:CFS,2024:CFS,2022:CFS,2020:CFS
24	214450	파마리서치	직접추가	메인	376500.0	3700.0	14933.0	175663243434.0		859864326.0	0.0						판정불가	일반	일반	16824.76433349811	16824.76433349811	24.085932877954992	24.085932877954992	N	N	67.01711217984565	54.27336919294326	34.07294725066401	142.5342243596913	117.04673838588651	76.64589450132802	2128463.5723632704	1747858.9443164433	1144553.1425883314	465.328970083206	364.2387634306623	203.99817864231912	3년	117.04673838588651	1747858.9443164433	364.2387634306623	0.9827357237715804	2.8232183593708804	2.294123511707068	1.4554421932530097	14185.294456944066	3.767674490556193	3년	2.294123511707068	안심(>=2)	3년	54.27336919294326	0.44378915914228334	매우 유망	Y	통과	매우 유망	배당감안점수>=2 & 린치PER배수<=0.5	10389648.0	fs=2025:CFS,2024:CFS,2022:CFS,2020:CFS
25	214430	아이쓰리시스템	직접추가	메인	59700.0	400.0	2657.0	9957436148.0	48991860345.0	8260246938.0							판정불가	일반	일반	6936.849340685883	6936.849340685883	19.858167353900683	19.858167353900683	N	N	23.237476808905377	43.93661447574133	43.74102307298442	54.974953617810755	96.37322895148266	95.98204614596884	146068.45176252318	256063.66932408942	255024.2966098392	144.67077347156314	328.917369052076	327.1763762308864	3년	96.37322895148266	256063.66932408942	328.917369052076	0.6700167504187605	1.2039123819060804	2.2462612199407284	2.236411801347804	539.5952980718372	0.903844720388337	3년	2.2462612199407284	안심(>=2)	3년	43.93661447574133	0.4519730887518643	매우 유망	Y	통과	매우 유망	배당감안점수>=2 & 린치PER배수<=0.5	7307215.0	fs=2025:OFS,2024:OFS,2022:OFS,2020:OFS
26	083650	비에이치아이	직접추가	메인	67700.0		2107.0	59951352513.0	53304037268.0	622700352.0	144462567432.0						판정불가	일반	일반	3639.8437334410537	-1028.6159601866252	30.40349134625484	32.61918175613983	N	Y	232.85939968404423		64.67325023520193	474.21879936808847		137.84650047040387	999179.0102685624		290442.57649114094	1375.892186511909		329.0141454817443	5년	137.84650047040387	290442.57649114094	329.0141454817443		7.658969064838282		2.1271652488413477	3031.7588454121305	4.478225768703295	5년	2.1271652488413477	안심(>=2)	5년	64.67325023520193	0.47010922190680443	매우 유망	Y	통과	매우 유망	배당감안점수>=2 & 린치PER배수<=0.5	30944375.0	주당순현금 음수(보수형); 단기위험부채 존재; fs=2025:CFS,2024:CFS,2022:CFS,2020:CFS
27	222080	SFA넥셀	직접추가	메인	7600.0		371.0	209198215167.0	3000000000.0	3998891229.0							판정불가	일반	일반	2690.8927928932903	2690.8927928932903	13.232094897861753	13.232094897861753	N	N	-52.61813537675606	24.989472797659506			58.47894559531901			21695.688815863352			185.4695896824125		3년	58.47894559531901	21695.688815863352	185.4695896824125		-3.9765536585789536	1.8885499983602514		1242.7502619525433	16.351977130954516	3년	1.8885499983602514	양호(>=1.5)	3년	24.989472797659506	0.5295067649086643	헐값	Y	통과	양호	배당감안점수>=1.5 & 린치PER배수<1	77371839.0	fs=2025:CFS,2024:CFS,2022:CFS,2020:OFS
28	195940	HK이노엔	직접추가	메인	40900.0	410.0	2672.0	91406200858.0	85585939125.0	146112552372.0	310000000000.0						판정불가	일반	일반	1090.0002266510662	-9852.505694038851	14.898952010983884	18.99420123279897	N	Y	22.907083716651332	25.80405679211104		54.314167433302664	60.10811358422208		145127.4553817847	160608.8794970414		254.83485423419242	292.68674693653156		3년	60.10811358422208	160608.8794970414	292.68674693653156	1.0024449877750612	1.6047792278812418	1.7992206270698552		2671.284955420407	6.5312590597075975	3년	1.7992206270698552	양호(>=1.5)	3년	25.80405679211104	0.5773879716285105	헐값	Y	통과	양호	배당감안점수>=1.5 & 린치PER배수<1	28329891.0	주당순현금 음수(보수형); 단기위험부채 존재; fs=2025:OFS,2024:OFS,2022:OFS,2020:NA
29	067310	하나마이크론	직접추가	메인	36350.0	70.0	637.0	95587857414.0	13423479284.0	526063263829.0	282083074730.0						판정불가	일반	일반	-6282.96993586037	-10532.607361434337	66.92773930276353	73.5990696411842	Y	Y	-248.83177570093457	112.91119569846622			234.32239139693243			149263.36331984596			310.6282347175955		3년	234.32239139693243	149263.36331984596	310.6282347175955	0.19257221458046767	-3.7150396244758186	1.6899385679440766		365.9283093769816	1.0066803559201694	3년	1.6899385679440766	양호(>=1.5)	3년	112.91119569846622	0.5927467058403728	헐값	N	주당순현금<=0	제외	하드필터 미통과	66378151.0	주당순현금 음수(린치식); 주당순현금 음수(보수형); 단기위험부채 존재; fs=2025:CFS,2024:CFS,2022:CFS,2020:CFS
30	214150	클래시스	직접추가	메인	32000.0	1000.0	2017.0	37521303951.0	180409959460.0	65234627334.0	21324811600.0						판정불가	일반	일반	2331.044957154007	2005.5034401989606	14.70944722005255	14.870846088151234	N	N	32.959789057350044	20.077044785232843	27.870621881389045	74.41957811470009	48.654089570465686	64.24124376277808	150104.28905735008	98135.29866362929	129574.5886695234	369.075903304219	206.6728083238415	304.9205895922606	3년	48.654089570465686	98135.29866362929	206.6728083238415	3.125	2.453170980358644	1.5773566768439007	2.1071914816169626	2208.700745152415	6.902189828601298	3년	1.5773566768439007	양호(>=1.5)	3년	20.077044785232843	0.7326500178388657	헐값	Y	통과	양호	배당감안점수>=1.5 & 린치PER배수<1	65505659.0	단기위험부채 존재; fs=2025:CFS,2024:CFS,2022:CFS,2020:CFS
31	237690	에스티팜	직접추가	메인	91700.0	500.0	2706.0	30546031679.0	66183186618.0	0.0	31042096562.0						판정불가	일반	일반	4672.528973826477	3173.032770425826	32.16092794758814	32.7150654950385	N	N	52.02247191011236	41.40733955062637		112.54494382022472	91.31467910125274		304546.6179775281	247097.5216479899		232.11190619141556	169.46294618101408		3년	91.31467910125274	247097.5216479899	169.46294618101408	0.5452562704471101	1.6345214996976387	1.3044584997498385		-1608.3636028354022	-1.7539406792098169	3년	1.3044584997498385	보통(1~1.5)	3년	41.40733955062637	0.7766963126975793	헐값	N	주당FCF<=0	제외	하드필터 미통과	20701684.0	단기위험부채 존재; 주당FCF 음수; fs=2025:CFS,2024:CFS,2022:CFS,2020:CFS
32	460930	현대힘스	직접추가	메인	13370.0	130.0	604.0	33438640391.0	6651960400.0	15620500661.0	25123269204.0						판정불가	일반	일반	689.0914601416572	-18.39359988438405	20.99488168850719	22.16621456934501	N	Y	26.890756302521			62.281512605042			37618.03361344537			181.36150795396685			1년	62.281512605042	37618.03361344537	181.36150795396685	0.9723261032161555	1.3271369098016728			719.6960654446659	5.382917467798548	1년	1.3271369098016728	보통(1~1.5)	1년	26.890756302521	0.7807471627913612	헐값	Y	통과	보류	중간구간(보류)	35510671.0	주당순현금 음수(보수형); 단기위험부채 존재; fs=2025:CFS,2024:CFS,2022:NA,2020:NA
33	196170	알테오젠	직접추가	메인	286000.0	371.0	2653.0	66380706542.0	363641391678.0	6204706421.0	0.0						판정불가	일반	일반	7920.963462850038	7920.963462850038	104.81682492919336	104.81682492919336	N	N	126.3651877133106			261.2303754266212			693044.1860068261			142.32314196042873			1년	261.2303754266212	693044.1860068261	142.32314196042873	0.12972027972027972	1.206818734286997			1695.3263015208747	0.5927714340982079	1년	1.206818734286997	보통(1~1.5)	1년	126.3651877133106	0.8294754815463511	헐값	Y	통과	보류	중간구간(보류)	53505788.0	fs=2025:CFS,2024:CFS,2022:CFS,2020:CFS
34	251970	펌텍코리아	직접추가	메인	53700.0	450.0	2778.0	43866593506.0	655032377.0	18066150000.0	29278370740.0						판정불가	일반	일반	2133.506119596774	-227.6528110483871	18.562452800721104	19.412402019815833	N	Y	5.267146646456999	20.695677848492622	11.238636290610703	19.034293292914	49.891355696985244	30.977272581221406	52877.2667677151	138598.18612622502	86054.86323063307	-1.5320916802325946	158.09718086820303	60.25114195648615	3년	49.891355696985244	138598.18612622502	158.09718086820303	0.8379888268156425	0.3288970234060594	1.1600658009200022	0.6505942531989738	929.867031048387	1.7315959609839608	3년	1.1600658009200022	보통(1~1.5)	3년	20.695677848492622	0.8969241276662561	헐값	Y	통과	보류	중간구간(보류)	12400000.0	주당순현금 음수(보수형); 단기위험부채 존재; fs=2025:CFS,2024:CFS,2022:CFS,2020:CFS
35	031980	피에스케이홀딩스	직접추가	메인	156000.0	1080.0	4252.0	182779167734.0		10979267182.0							판정불가	일반	일반	7967.570418406675	7967.570418406675	34.814776477326745	34.814776477326745	N	N		28.972326855053065	6.696365809169258		66.44465371010614	21.892731618338516		282522.6675753713	93087.89484117537		81.10427408677646	-40.3282725377081	3년	66.44465371010614	282522.6675753713	81.10427408677646	0.6923076923076923		0.8520702284755429	0.2122280895954869	3674.3812093229903	2.35537257007884	3년	0.8520702284755429	불리(<1)	3년	28.972326855053065	1.2016562097860877	보통	Y	통과	제외	배당감안점수<1	21562395.0	배당감안점수<1; fs=2025:CFS,2024:CFS,2022:CFS,2020:CFS
36	213420	덕산네오룩스	직접추가	메인	33350.0		2165.0	126289412183.0	23523118181.0	73316735293.0	0.0						판정불가	일반	일반	3080.6348369926372	3080.6348369926372	13.9812310221743	13.9812310221743	N	N	16.21041331186259	11.211848026446525	9.282628183044572	40.92082662372518	30.92369605289305	27.065256366089145	88593.58964036503	66949.80195451346	58596.280032582996	165.6479449486208	100.74903134786646	75.70098960294752	3년	30.92369605289305	66949.80195451346	100.74903134786646		1.1594410596715552	0.8019213764985701	0.663934968839459	1872.3304627621587	5.614184296138407	3년	0.8019213764985701	불리(<1)	3년	11.211848026446525	1.2470050422727235	보통	Y	통과	제외	배당감안점수<1	24831179.0	배당감안점수<1; fs=2025:CFS,2024:CFS,2022:CFS,2020:OFS
37	059090	미코	직접추가	메인	18710.0		937.0	308049235584.0	150141976308.0	613882940873.0	418677409064.0						판정불가	일반	일반	-4659.088586607601	-17188.04661673247	24.940329334693278	38.311682621912986	Y	Y	151.88172043010755		19.845043171093412	312.2634408602151		48.190086342186824	292590.84408602153		45154.11090262905	1463.8206525174855		141.33677660411038	5년	48.190086342186824	45154.11090262905	141.33677660411038		6.089804123750374		0.7957009269916873	-8988.877721155523	-48.043173282498785	5년	0.7957009269916873	불리(<1)	5년	19.845043171093412	1.2567535943192976	보통	N	주당순현금<=0 / 주당FCF<=0	제외	하드필터 미통과	33416778.0	주당순현금 음수(린치식); 주당순현금 음수(보수형); 단기위험부채 존재; 주당FCF 음수; 배당감안점수<1; fs=2025:CFS,2024:CFS,2022:CFS,2020:CFS
38	050890	쏠리드	직접추가	메인	8400.0	50.0	610.0	90077709858.0	56384251006.0		99023500000.0						판정불가	일반	일반	2410.63719770453	780.7960352708731	9.818627544746672	12.490498302834634	N	N	-19.736842105263154	7.574974463597406			23.649948927194814			14426.468845588835			71.74367673320042		3년	23.649948927194814	14426.468845588835	71.74367673320042	0.5952380952380952	-1.9495193114099254	0.8321135027885712		264.100396082502	3.1440523343155	3년	0.8321135027885712	불리(<1)	3년	7.574974463597406	1.296192824402439	보통	Y	통과	제외	배당감안점수<1	60756534.0	단기위험부채 존재; 배당감안점수<1; fs=2025:CFS,2024:CFS,2022:CFS,2020:CFS
39	086450	동국제약	직접추가	메인	20800.0	200.0	1487.0	56178706285.0	62418400000.0								판정불가	일반	일반	2622.0651120418515	2622.0651120418515	12.224569527880396	12.224569527880396	N	N	7.59768451519538	7.320275876340965	3.1564796792116656	23.695369030390758	23.14055175268193	14.812959358423331	35235.01374819106	34410.00045623803	22026.870565975492	69.39910455861084	65.43269450114437	5.898416182574473	3년	23.14055175268193	34410.00045623803	65.43269450114437	0.9615384615384616	0.700165593333405	0.6774728810688355	0.3368640614590333	503.2892639290106	2.4196599227356277	3년	0.6774728810688355	불리(<1)	3년	7.320275876340965	1.669960222044369	보통	Y	통과	제외	배당감안점수<1	45230420.0	배당감안점수<1; fs=2025:CFS,2024:CFS,2022:CFS,2020:CFS
40	137400	피엔티	직접추가	메인	29800.0	200.0	3215.0	48614784915.0	2883423500.0	147061731360.0	118697154998.0						판정불가	일반	일반	-4033.7942736500117	-9044.073189435125	10.523730722752726	12.082137850524145	Y	Y	-48.40314556251003	5.939543368649525	13.365820704844978		20.379086737299048	35.231641409689956		65518.76386041644	113269.7271321532		119.86162369267261	280.09975547702413	3년	20.379086737299048	65518.76386041644	119.86162369267261	0.6711409395973155	-4.535654311233394	0.6281692759350329	1.333838922169856	-5203.342672542608	-17.46088145148526	3년	0.6281692759350329	불리(<1)	3년	5.939543368649525	1.7718080447563949	보통	N	주당순현금<=0 / 주당FCF<=0	제외	하드필터 미통과	23690728.0	주당순현금 음수(린치식); 주당순현금 음수(보수형); 단기위험부채 존재; 주당FCF 음수; 배당감안점수<1; fs=2025:CFS,2024:CFS,2022:CFS,2020:CFS
41	060280	큐렉소	직접추가	메인	8130.0		67.0	18688000180.0									판정불가	일반	일반	454.8066373342997	454.8066373342997	114.55512481590597	114.55512481590597	N	N	-131.45539906103286		41.05182554589231			90.60365109178461			6070.444623149569			-25.33278446310493	5년	90.60365109178461	6070.444623149569	-25.33278446310493		-1.1475296218504953		0.3583586994633719	-335.1639164672466	-4.122557398121115	5년	0.3583586994633719	불리(<1)	5년	41.05182554589231	2.7905001371459957	매우 불리	N	주당FCF<=0	제외	하드필터 미통과	41089990.0	주당FCF 음수; 배당감안점수<1; PER>연성장률의 2배; fs=2025:CFS,2024:OFS,2022:OFS,2020:OFS
42	183300	코미코	직접추가	메인	26350.0	1400.0	4650.0	99119203383.0	3100000000.0	340995618653.0	192679909879.0						판정불가	일반	일반	-22826.080519208877	-41245.51751577621	10.575501186926639	14.53667043350026	Y	Y	-13.920770085153645	3.344451500460721	13.460780641712699		15.188903000921442	35.4215612834254		70628.39895428471	164710.2599679281		168.03946472214312	525.08637558986	3년	15.188903000921442	70628.39895428471	168.03946472214312	5.313092979127135	-0.8139261632977983	0.8186415307002426	1.7752230640423894	-17350.753968382945	-65.84726363712693	3년	0.8186415307002426	불리(<1)	3년	3.344451500460721	3.1621033181284854	매우 불리	N	주당순현금<=0 / 주당FCF<=0	제외	하드필터 미통과	10460684.0	주당순현금 음수(린치식); 주당순현금 음수(보수형); 단기위험부채 존재; 주당FCF 음수; 배당감안점수<1; PER>연성장률의 2배; fs=2025:CFS,2024:CFS,2022:CFS,2020:CFS
43	080220	제주반도체	직접추가	메인	73800.0		1173.0	77229831529.0		56955110913.0	52000000000.0						판정불가	일반	일반	588.6484603632924	-921.099590849568	62.4137694285053	63.70085216611216	N	Y	101.89328743545612	18.439828634196754	28.179821594920938	212.28657487091223	45.37965726839351	64.85964318984188	249012.15232358006	53230.33797582558	76080.36146168452	237.41484054685645	-27.872170764463977	3.0899206797893264	3년	45.37965726839351	53230.33797582558	-27.872170764463977		1.632545003585698	0.295444880241042	0.4515000752710634	662.8416875870809	0.8981594682751772	3년	0.295444880241042	불리(<1)	3년	18.439828634196754	3.38472610926322	매우 불리	Y	통과	제외	배당감안점수<1	34442833.0	주당순현금 음수(보수형); 단기위험부채 존재; 1년 점수 과열 가능; 배당감안점수<1; PER>연성장률의 2배; fs=2025:CFS,2024:CFS,2022:CFS,2020:CFS
44	060370	LS마린솔루션	직접추가	메인	31250.0	160.0	215.0	73563614656.0	401270740051.0	34931968525.0							판정불가	일반	일반	8420.98079299366	8420.98079299366	106.18148468375043	106.18148468375043	N	N	-56.032719836400815		29.95772295224761			68.41544590449521			14709.320869466472			-52.930173217707285	5년	68.41544590449521	14709.320869466472	-52.930173217707285	0.512	-0.5228851338984666		0.2869589085422778	-1082.6513705871112	-3.4644843858787557	5년	0.2869589085422778	불리(<1)	5년	29.95772295224761	3.5443776836110983	매우 불리	N	주당FCF<=0	제외	하드필터 미통과	52238854.0	주당FCF 음수; 배당감안점수<1; PER>연성장률의 2배; fs=2025:CFS,2024:CFS,2022:OFS,2020:OFS
45	068760	셀트리온제약	직접추가	메인	40550.0	200.0	892.0	49871871397.0	67056726028.0	16559995254.0	142000000000.0						판정불가	일반	일반	2297.7149853074225	-953.057874493612	42.88372759494683	46.528091787548895	N	Y	67.984934086629	8.88354924631798	8.803232347597788	144.469868173258	26.26709849263596	26.106464695195577	128867.12241054613	23430.251855431277	23286.966508114456	217.79808239345533	-42.218861022364294	-42.57221576297299	3년	26.26709849263596	23430.251855431277	-42.218861022364294	0.4932182490752158	1.5968330221315292	0.21865560717949573	0.21678270798848287	1568.3314891607329	3.8676485552669124	3년	0.21865560717949573	불리(<1)	3년	8.88354924631798	4.827319172314052	매우 불리	Y	통과	제외	배당감안점수<1	43681920.0	주당순현금 음수(보수형); 단기위험부채 존재; 1년 점수 과열 가능; 배당감안점수<1; PER>연성장률의 2배; fs=2025:OFS,2024:OFS,2022:OFS,2020:CFS
46	065350	신성델타테크	직접추가	메인	30850.0	120.0	778.0	70602467437.0	14235723297.0	26783722267.0	310392918122.0						판정불가	일반	일반	2112.3045519879456	-9181.30283374863	36.937911886904956	51.45411675289027	N	Y	-2202.702702702703	7.457653300092337	18.00492575746233		23.415306600184675	44.50985151492466		18217.108534943676	34628.66447861139		-40.94940507311612	12.248507224023953	3년	23.415306600184675	18217.108534943676	-40.94940507311612	0.3889789303079416	-59.62204172545953	0.2124276070186314	0.4979681781711973	-2916.1518951716835	-9.452680373327984	3년	0.2124276070186314	불리(<1)	3년	7.457653300092337	4.953020796293602	매우 불리	N	주당FCF<=0	제외	하드필터 미통과	27483948.0	주당순현금 음수(보수형); 단기위험부채 존재; 주당FCF 음수; 배당감안점수<1; PER>연성장률의 2배; fs=2025:CFS,2024:CFS,2022:CFS,2020:CFS
47	122870	와이지엔터테인먼트	직접추가	메인	43600.0	300.0	1990.0	168219905571.0	18417244062.0	7408282828.0							판정불가	일반	일반	9589.02129061884	9589.02129061884	17.09094407506591	17.09094407506591	N	N	99.1991991991992	2.8708421054929767	22.411692325937338	206.8983983983984	14.241684210985953	53.323384651874676	411727.8128128128	28340.95157986205	106113.53545723061	844.3298459009467	-34.99781747738062	143.3796684798867	3년	14.241684210985953	28340.95157986205	-34.99781747738062	0.6880733944954129	5.844456114008401	0.20823399130891282	1.3515792702249345	4456.78787193806	10.221990531968027	3년	0.20823399130891282	불리(<1)	3년	2.8708421054929767	5.953285986144849	매우 불리	Y	통과	제외	배당감안점수<1	18691049.0	1년 점수 과열 가능; 배당감안점수<1; PER>연성장률의 2배; fs=2025:CFS,2024:CFS,2022:CFS,2020:CFS
48	095610	테스	직접추가	메인	152700.0	850.0	3244.0	12143208427.0	19422130000.0	45890019125.0	6000000000.0						판정불가	일반	일반	-739.9111930785124	-1049.8285484504133	47.29960271056674	47.395138270175835	Y	Y	33.388157894736835	7.932866974470154	15.47414404638392	75.27631578947367	24.36573394894031	39.44828809276784	244196.36842105258	79042.44093036237	127970.24657293886	59.91903629407504	-48.23677738679609	-16.19499242112713	3년	24.36573394894031	79042.44093036237	-48.23677738679609	0.5566470203012442	0.7176551803775468	0.17948383301906337	0.3389202054144079	2545.6724063016527	1.6671070113304864	3년	0.17948383301906337	불리(<1)	3년	7.932866974470154	5.9624852985418855	매우 불리	N	주당순현금<=0	제외	하드필터 미통과	19360000.0	주당순현금 음수(린치식); 주당순현금 음수(보수형); 단기위험부채 존재; 1년 점수 과열 가능; 배당감안점수<1; PER>연성장률의 2배; fs=2025:CFS,2024:CFS,2022:CFS,2020:CFS
49	376300	디어유	직접추가	메인	18360.0	316.0	785.0	127699499351.0	42744910159.0	3733290182.0							판정불가	일반	일반	7022.843881261446	7022.843881261446	14.442237093934464	14.442237093934464	N	N	-23.563777994157743	2.3574658676792426			13.214931735358485			10373.721412256411			-43.49824938858164		3년	13.214931735358485	10373.721412256411	-43.49824938858164	1.7211328976034859	-1.5124142440320316	0.28240768647924236		1461.7061584505716	7.961362518793963	3년	0.28240768647924236	불리(<1)	3년	2.3574658676792426	6.126170177874863	매우 불리	Y	통과	제외	배당감안점수<1	23738406.0	배당감안점수<1; PER>연성장률의 2배; fs=2025:CFS,2024:CFS,2022:OFS,2020:NA
50	140860	파크시스템스	직접추가	메인	266500.0	500.0	4963.0	75059752464.0	4013999311.0	81434883898.0	32966292992.0						판정불가	일반	일반	-337.4744350621034	-5049.316265171743	53.765358540209974	54.714752420949374	Y	Y	-19.62753036437247	6.914619637756436	27.071013078978922		22.329239275512872	62.642026157957844		110820.01452437039	310892.3758219448		-58.41650486890417	16.657551903168777	3년	22.329239275512872	110820.01452437039	-58.41650486890417	0.18761726078799248	-0.36156948695963365	0.1320968945688852	0.5069924404834157	-4263.863715695771	-1.5999488614243045	3년	0.1320968945688852	불리(<1)	3년	6.914619637756436	7.775606086360962	매우 불리	N	주당순현금<=0 / 주당FCF<=0	제외	하드필터 미통과	6996477.0	주당순현금 음수(린치식); 주당순현금 음수(보수형); 단기위험부채 존재; 주당FCF 음수; 배당감안점수<1; PER>연성장률의 2배; fs=2025:CFS,2024:CFS,2022:CFS,2020:CFS
51	084370	유진테크	직접추가	메인	143200.0	230.0	1906.0	54924701691.0	234822263434.0	6336490405.0							판정불가	일반	일반	12367.339644429	12367.339644429	68.64252904279695	68.64252904279695	N	N	-33.00527240773287	3.947412856408672	65.18029584829917		16.394825712817344	138.86059169659833		31248.53780862986	264668.28777371644		-78.17839538503502	84.8242233056679	3년	16.394825712817344	31248.53780862986	-78.17839538503502	0.16061452513966482	-0.4784884581119579	0.05984667871119786	0.9519012671094965	1973.6983229477412	1.3782809517791488	3년	0.05984667871119786	불리(<1)	3년	3.947412856408672	17.389244940861705	매우 불리	Y	통과	제외	배당감안점수<1	22916042.0	배당감안점수<1; PER>연성장률의 2배; fs=2025:CFS,2024:CFS,2022:CFS,2020:CFS
52	095340	ISC	반도체소부장	메인	183000.0	850.0	2743.0	79871448500.0	262260000000.0	20000000000.0	0.0						판정불가	일반	일반	15196.988586812378	15196.988586812378	61.17499504673264	61.17499504673264	N	N	2.6956196181205483	2.7852556628800373		13.891239236241097	14.070511325760075		38103.669225009326	38595.412566559884		-79.17832282786375	-78.90961061936619		3년	14.070511325760075	38595.412566559884	-78.90961061936619	0.46448087431693985	0.05165673474960533	0.05312197466815399		1668.9997838851034	0.9120217398279253	3년	0.05312197466815399	불리(<1)	3년	2.7852556628800373	21.963870628477917	매우 불리	Y	통과	제외	배당감안점수<1	21197058.0	배당감안점수<1; PER>연성장률의 2배; fs=2025:CFS,2024:CFS,2022:CFS,2020:CFS
53	041190	우리기술투자	직접추가	메인	6030.0		1420.0	8196474528.0	918336858104.0								판정불가	일반	일반	11030.158721809525	11030.158721809525	-3.5212385364855807	-3.5212385364855807	N	N	-25.14496573537164												1년					7.140943584148068					1년	7.140943584148068	안심(>=2)	1년	-25.14496573537164		판정불가	N	주당FCF<=0 / 순현금차감PER<=0	제외	하드필터 미통과	84000000.0	fs=2025:CFS,2024:CFS,2022:NA,2020:NA
54	215200	메가스터디교육	직접추가	메인	34900.0	3000.0	8072.0	66298633028.0		36685724461.0	13667071299.0						판정불가	일반	일반	2856.9504549639873	1538.3989362112666	3.9696543043899917	4.133003105028337	N	N	92.23624672541082	-2.8115416132021287	34.54221143364424	192.97249345082164	2.8769167735957426	77.58442286728848	1557673.9671350324	23222.472196464834	626261.4613847526	4363.24918949866	-33.45996505310935	1694.445448093847	3년	2.8769167735957426	23222.472196464834	-33.45996505310935	8.595988538681947	25.400759746908854	1.4571664134790956	10.866991597888054	10570.647660791632	30.288388712870006	3년	1.4571664134790956	보통(1~1.5)	3년	-2.8115416132021287		판정불가	Y	통과	보류	배당감안점수 또는 린치PER배수 미산출	10365216.0	단기위험부채 존재; 1년 점수 과열 가능; fs=2025:CFS,2024:CFS,2022:CFS,2020:CFS
55	277810	레인보우로보틱스	직접추가	메인	448000.0		73.0	10110272543.0	59000000000.0	96954300.0							판정불가	일반	일반	3557.413577099379	3557.413577099379	6088.254608532885	6088.254608532885	N	N	-33.63636363636363	-41.03092880510747											3년					-0.005524795823949475	-0.006739358230452666		-1415.7857261635627	-0.316023599590081	3년	-0.006739358230452666	불리(<1)	3년	-41.03092880510747		판정불가	N	주당FCF<=0	제외	하드필터 미통과	19399858.0	주당FCF 음수; 1년 점수 과열 가능; 배당감안점수<1; fs=2025:CFS,2024:CFS,2022:CFS,2020:CFS
56	000250	삼천당제약	직접추가	메인	163000.0	50.0	226.0	95943976392.0	13034373599.0	23423415405.0	44784077259.0						판정불가	일반	일반	3647.2359249112606	1738.075497947946	705.1007259959679	713.548338504655	N	N	-147.67932489451476	-5.168157543831642											3년				0.030674846625766874	-0.20940079141080523	-0.007286168497343532		-2122.772468832106	-1.3023143980565068	3년	-0.007286168497343532	불리(<1)	3년	-5.168157543831642		판정불가	N	주당FCF<=0	제외	하드필터 미통과	23457472.0	단기위험부채 존재; 주당FCF 음수; 배당감안점수<1; fs=2025:CFS,2024:CFS,2022:CFS,2020:CFS
57	032820	우리기술	직접추가	메인	10920.0		4.8	9476066958.0	25753635244.0	86490875127.0	33818571027.0						판정불가	일반	일반	-307.40081363403556	-510.20257677063705	2339.0418361737575	2381.292203493883	Y	Y	-121.06186924089512	-40.54591323324753											3년					-0.05175703459794891	-0.017334411298762058		-393.338631932169	-3.6020021239209616	3년	-0.017334411298762058	불리(<1)	3년	-40.54591323324753		판정불가	N	주당순현금<=0 / 주당FCF<=0	제외	하드필터 미통과	166756790.0	주당순현금 음수(린치식); 주당순현금 음수(보수형); 단기위험부채 존재; 주당FCF 음수; 1년 점수 과열 가능; 배당감안점수<1; fs=2025:CFS,2024:CFS,2022:CFS,2020:CFS
58	417200	LS머트리얼즈	직접추가	메인	11130.0	22.0	6.0	57427106565.0	1409761182.0	35664779013.0	12052000000.0						판정불가	일반	일반	342.51556519012803	164.37031298355916	1797.914072468312	1827.6049478360735	N	N	-92.85714285714286												1년				0.1976639712488769	-0.051537212097508125			-267.29396056701927	-2.4015629880235334	1년	-0.051537212097508125	불리(<1)	1년	-92.85714285714286		판정불가	N	주당FCF<=0	제외	하드필터 미통과	67652659.0	단기위험부채 존재; 주당FCF 음수; 배당감안점수<1; fs=2025:CFS,2024:CFS,2022:NA,2020:NA
59	032190	다우데이타	직접추가	메인	20200.0	550.0	5713.0	2733751140623.0	21532549329917.0	4101128995368.0	32263292614335.0						판정불가	일반	일반	526505.7826415666	-315877.836531671	-88.62345223902794	58.826857435965515	N	Y	33.17016317016317	2.41056085619491		74.84032634032634	13.32112171238982		427562.7843822844	76103.56834288304		2016.6474474370514	276.75033833110416		3년	13.32112171238982	76103.56834288304	276.75033833110416	2.722772277227723	-0.40500493425355855	-0.05792296512640273		-174621.89534033943	-864.4648284175219	3년	-0.05792296512640273	불리(<1)	3년	2.41056085619491		판정불가	N	주당FCF<=0 / 순현금차감PER<=0	제외	하드필터 미통과	38300000.0	주당순현금 음수(보수형); 단기위험부채 존재; 주당FCF 음수; 배당감안점수<1; fs=2025:CFS,2024:CFS,2022:CFS,2020:CFS
60	131970	두산테스나	직접추가	메인	82700.0	160.0	78.0	109546970000.0	5000000.0	173189735000.0	164500000000.0						판정불가	일반	일반	-3292.6466264864125	-11803.950724878538	1102.4698285446975	1211.589111857417	Y	Y	-95.92050209205021	-70.63378581277699	-48.99682259345528										3년				0.19347037484885127	-0.08682961586673507	-0.06389319110066899	-0.044267290546199094	6334.127307792246	7.659162403618193	3년	-0.06389319110066899	불리(<1)	3년	-70.63378581277699		판정불가	N	주당순현금<=0	제외	하드필터 미통과	19327238.0	주당순현금 음수(린치식); 주당순현금 음수(보수형); 단기위험부채 존재; 1년 점수 과열 가능; 배당감안점수<1; fs=2025:OFS,2024:CFS,2022:OFS,2020:OFS
61	014620	성광벤드	직접추가	메인	31300.0	200.0	1297.0	55816213450.0			2000000000.0						판정불가	일반	일반	2101.7226502600183	2026.413971281186	22.51216449478796	22.57022824110934	N	N	-13.186077643908966	-2.6308862076953488			3.2382275846093025			4199.981177238265			-86.58152978518126		3년	3.2382275846093025	4199.981177238265	-86.58152978518126	0.6389776357827476	-0.5573475625158627	-0.0884814328881512		1220.9355149855987	3.9007524440434462	3년	-0.0884814328881512	불리(<1)	3년	-2.6308862076953488		판정불가	Y	통과	보류	배당감안점수 또는 린치PER배수 미산출	26557364.0	단기위험부채 존재; 배당감안점수<1; fs=2025:CFS,2024:CFS,2022:CFS,2020:CFS
62	009520	포스코엠텍	직접추가	메인	12710.0	10.0	34.0	23489287481.0									판정불가	일반	일반	564.0673104481234	564.0673104481234	357.23331439858464	357.23331439858464	N	N	142.85714285714283	-33.573662263718816	-31.534135605250093	294.21428571428567			10003.285714285712			-21.295942452512108			3년				0.07867820613690008	0.4001189567213725	-0.09376220723974736	-0.08805297863126121	21.005404932528034	0.16526675792704984	3년	-0.09376220723974736	불리(<1)	3년	-33.573662263718816		판정불가	Y	통과	보류	배당감안점수 또는 린치PER배수 미산출	41642703.0	1년 점수 과열 가능; 배당감안점수<1; fs=2025:OFS,2024:OFS,2022:OFS,2020:OFS
63	056190	SFA	직접추가	메인	24200.0	950.0	1916.0	295924271530.0	28249450000.0								판정불가	일반	일반	9027.7058169093	9027.7058169093	7.918733916018111	7.918733916018111	N	N	-177.38287560581583	-4.690096402984533	-9.613618111787957										3년				3.925619834710744	-21.904670318601518	-0.09654025206319877	-0.7182964268532197	1582.4180900148042	6.538917727333901	3년	-0.09654025206319877	불리(<1)	3년	-4.690096402984533		판정불가	Y	통과	보류	배당감안점수 또는 린치PER배수 미산출	35908760.0	배당감안점수<1; fs=2025:CFS,2024:CFS,2022:CFS,2020:CFS
64	039030	이오테크닉스	직접추가	메인	456000.0	500.0	4689.0	236305275966.0	99448229801.0		7000000000.0						판정불가	일반	일반	27253.715092434384	26685.512520100165	91.43661439700696	91.55779216888459	N	N	21.162790697674417	-9.341714757581144	21.872789158097493	50.825581395348834		52.24557831619499	238321.1511627907		244979.5167246383	-47.73658965728275		-46.276421770912656	3년				0.10964912280701754	0.23264684460121213	-0.10096683583109924	0.24041176968188438	7809.347047497677	1.712576106907385	3년	-0.10096683583109924	불리(<1)	3년	-9.341714757581144		판정불가	Y	통과	보류	배당감안점수 또는 린치PER배수 미산출	12319550.0	단기위험부채 존재; 1년 점수 과열 가능; 배당감안점수<1; fs=2025:CFS,2024:CFS,2022:CFS,2020:CFS
65	058610	에스피지	직접추가	메인	92700.0		412.0	42023986997.0	4202172079.0	0.0	54058574990.0						판정불가	일반	일반	2084.3851150903442	-353.17169915625664	219.9408128274506	225.85721286202974	N	Y	-30.28764805414551	-22.958604350341737	-9.267164625100499										3년					-0.13770817550768522	-0.10438537557080582	-0.04213481120655326	1052.1212452248599	1.1349743745683494	3년	-0.10438537557080582	불리(<1)	3년	-22.958604350341737		판정불가	Y	통과	보류	배당감안점수 또는 린치PER배수 미산출	22177360.0	주당순현금 음수(보수형); 단기위험부채 존재; 1년 점수 과열 가능; 배당감안점수<1; fs=2025:CFS,2024:CFS,2022:CFS,2020:CFS
66	131290	티에스이	직접추가	메인	261500.0	450.0	3526.0	75817114809.0	24192525681.0								판정불가	일반	일반	9041.29479925243	9041.29479925243	71.59917901325795	71.59917901325795	N	N	-10.869565217391308	-8.574311564657378	6.33162898184505			21.1632579636901			74621.6475799713			-71.4639971013494	3년				0.17208413001912046	-0.14940787359295482	-0.11735089075647677	0.09083502355047793	-202.5541856300845	-0.07745857959085449	3년	-0.11735089075647677	불리(<1)	3년	-8.574311564657378		판정불가	N	주당FCF<=0	제외	하드필터 미통과	11061429.0	주당FCF 음수; 1년 점수 과열 가능; 배당감안점수<1; fs=2025:CFS,2024:CFS,2022:CFS,2020:CFS
67	036930	주성엔지니어링	반도체소부장	메인	194600.0	53.0	781.0	164383610031.0	0.0	104241855386.0	45000000000.0						판정불가	일반	일반	1272.3480202522953	320.33620667423327	247.5386068882813	248.75757207852212	N	N	-65.625	-29.310632286282456											3년				0.02723535457348407	-0.26500013662528205	-0.11829830223180138				3년	-0.11829830223180138	불리(<1)	3년	-29.310632286282456		판정불가	N	주당FCF<=0	제외	하드필터 미통과	47268321.0	단기위험부채 존재; 1년 점수 과열 가능; 배당감안점수<1; fs=2025:CFS,2024:CFS,2022:CFS,2020:CFS
68	089030	테크윙	직접추가	메인	48100.0	130.0	263.0	42167522083.0	66570576964.0	254064566865.0	85500000000.0						판정불가	일반	일반	-3922.0559223795663	-6229.521220327987	197.80249400144322	206.57612631303417	Y	Y	-145.03424657534248	-33.29260076378455	-31.24719875603965										3년				0.2702702702702703	-0.7318612287265497	-0.16694597639033476	-0.15660534839132698	-1267.0496624825978	-2.634198882500203	3년	-0.16694597639033476	불리(<1)	3년	-33.29260076378455		판정불가	N	주당순현금<=0 / 주당FCF<=0	제외	하드필터 미통과	37053645.0	주당순현금 음수(린치식); 주당순현금 음수(보수형); 단기위험부채 존재; 주당FCF 음수; 배당감안점수<1; fs=2025:CFS,2024:CFS,2022:CFS,2020:CFS
69	247540	에코프로비엠	2차전지	메인	104800.0	100.0	403.0	518548123832.0	17217642963.0	908362087372.0	863305167008.0						판정불가	일반	일반	-3809.7259744917205	-12636.85586554925	269.5030421203269	291.4065902370949	Y	Y	-140.78947368421052	-48.08965332121203	-29.141298397230276										3년				0.09541984732824427	-0.5220499654844922	-0.17808419933328795	-0.10777569826812462	-2285.196699076037	-2.1805312014084324	3년	-0.17808419933328795	불리(<1)	3년	-48.08965332121203		판정불가	N	주당순현금<=0 / 주당FCF<=0	제외	하드필터 미통과	97801344.0	주당순현금 음수(린치식); 주당순현금 음수(보수형); 단기위험부채 존재; 주당FCF 음수; 1년 점수 과열 가능; 배당감안점수<1; fs=2025:CFS,2024:CFS,2022:CFS,2020:CFS
70	121600	나노신소재	직접추가	메인	47300.0	250.0	136.0	55326376541.0	186859366032.0	162519871152.0							판정불가	일반	일반	6524.005023015364	6524.005023015364	299.8234924778282	299.8234924778282	N	N	-187.74193548387098	-57.81026287933078	-2.7067161445867516			3.086567710826497			419.7732086724036			-99.11253021422326	3년				0.5285412262156448	-0.6244120255903551	-0.19105147892088906	-0.007264857401166393	380.8349060300506	0.8051477928753712	3년	-0.19105147892088906	불리(<1)	3년	-57.81026287933078		판정불가	Y	통과	보류	배당감안점수 또는 린치PER배수 미산출	12211191.0	배당감안점수<1; fs=2025:CFS,2024:CFS,2022:CFS,2020:CFS
71	064760	티씨케이	직접추가	메인	268500.0	1430.0	6138.0		241389914654.0	398463656.0							판정불가	일반	일반	21556.71199622592	21556.71199622592	40.23188139520594	40.23188139520594	N	N	-0.470244851629642	-8.665299530826331	3.4401484284882766	7.559510296740716		15.380296856976553	46400.27420139452		94404.26210812209	-82.71870607024412		-64.84012584427484	3년				0.5325884543761639	0.0015496069431630097	-0.2021459299047165	0.09874598813412278	4430.712212963539	1.6501721463551358	3년	-0.2021459299047165	불리(<1)	3년	-8.665299530826331		판정불가	Y	통과	보류	배당감안점수 또는 린치PER배수 미산출	11179416.0	1년 점수 과열 가능; 배당감안점수<1; fs=2025:OFS,2024:OFS,2022:OFS,2020:OFS
72	232140	와이씨	직접추가	메인	11930.0		239.0	98230426967.0	77544881215.0	55770820557.0	36000000000.0						판정불가	일반	일반	1462.6604387085922	1023.8787161612449	43.79639983803936	45.6323066269404	N	N	74.45255474452554	-9.552105918335052	-1.8208377671248166	157.40510948905109		4.858324465750367	37619.82116788321		1161.1395473143377	215.3379812898844		-90.26706163189994	3년					1.6999697468251667	-0.2181025370500561	-0.041575055800438826	299.2052095944499	2.508006786206621	3년	-0.2181025370500561	불리(<1)	3년	-9.552105918335052		판정불가	Y	통과	보류	배당감안점수 또는 린치PER배수 미산출	82045350.0	단기위험부채 존재; 1년 점수 과열 가능; 배당감안점수<1; fs=2025:CFS,2024:CFS,2022:CFS,2020:CFS
73	035760	CJ ENM	직접추가	메인	33600.0		1422.0	782050698548.0	81389268242.0	1910894083697.0	762511078000.0						판정불가	일반	일반	-47765.368281284354	-82536.93666919389	57.218965036064944	81.67154477439796	Y	Y	-105.85594860602068		-13.10324877931166										5년					-1.8500150874679397		-0.2290018487935376	9453.190478574777	28.134495471948746	5년	-0.2290018487935376	불리(<1)	5년	-13.10324877931166		판정불가	N	주당순현금<=0	제외	하드필터 미통과	21929154.0	주당순현금 음수(린치식); 주당순현금 음수(보수형); 단기위험부채 존재; 배당감안점수<1; fs=2025:CFS,2024:CFS,2022:CFS,2020:CFS
74	098460	고영	직접추가	메인	28100.0	140.0	224.0	38350539836.0	108302448348.0	130000000.0							판정불가	일반	일반	2134.20014657397	2134.20014657397	115.91874934565192	115.91874934565192	N	N	-29.780564263322884	-27.342844665373022	-19.8684275951016										3년				0.498220640569395	-0.2526109347111573	-0.23158138072001688	-0.16710158679139317	67.09347125337494	0.23876680161343394	3년	-0.23158138072001688	불리(<1)	3년	-27.342844665373022		판정불가	Y	통과	보류	배당감안점수 또는 린치PER배수 미산출	68654755.0	1년 점수 과열 가능; 배당감안점수<1; fs=2025:CFS,2024:CFS,2022:CFS,2020:CFS
75	253590	네오셈	직접추가	메인	11460.0	100.0	126.0	20350778893.0	50006325842.0	135000000.0							판정불가	일반	일반	1600.7167297512212	1600.7167297512212	78.24827992260936	78.24827992260936	N	N	-72.18543046357617	-22.719611022557274	-10.629198197224387										3년				0.8726003490401396	-0.9113661052366548	-0.2792011619312871	-0.12468769738879766	-294.4086373061497	-2.5690107967377815	3년	-0.2792011619312871	불리(<1)	3년	-22.719611022557274		판정불가	N	주당FCF<=0	제외	하드필터 미통과	43869164.0	주당FCF 음수; 배당감안점수<1; fs=2025:CFS,2024:CFS,2022:CFS,2020:CFS
76	025320	시노펙스	직접추가	메인	3885.0		80.0	51153755987.0	873251756.0	4835094728.0	39766351933.0						판정불가	일반	일반	537.9004402147384	84.63764911542502	41.83874449731577	47.504529386057186	N	N	-75.0778816199377	-11.901595799169328											3년					-1.7944582831531772	-0.2844635024823198		35.1831998104807	0.905616468738242	3년	-0.2844635024823198	불리(<1)	3년	-11.901595799169328		판정불가	Y	통과	보류	배당감안점수 또는 린치PER배수 미산출	87733546.0	단기위험부채 존재; 배당감안점수<1; fs=2025:CFS,2024:CFS,2022:CFS,2020:CFS
77	189300	인텔리안테크	직접추가	메인	63500.0	200.0	724.0	32845847951.0	48243824430.0	60518508468.0	64253742340.0						판정불가	일반	일반	1916.567947387084	-4069.8051907263857	85.05998902294601	93.32846020818562	N	Y	-351.38888888888886	-26.087239007011586	55.747934193089876			119.99586838617975			86877.00871159414			36.81418694739236	3년				0.31496062992125984	-4.127368605282338	-0.3029894392548996	0.6590983077588625	-4643.386088236889	-7.312419036593526	3년	-0.3029894392548996	불리(<1)	3년	-26.087239007011586		판정불가	N	주당FCF<=0	제외	하드필터 미통과	10733334.0	주당순현금 음수(보수형); 단기위험부채 존재; 주당FCF 음수; 배당감안점수<1; fs=2025:CFS,2024:CFS,2022:CFS,2020:CFS
78	281740	레이크머티리얼즈	직접추가	메인	11170.0	30.0	117.0	20647038915.0	3286586226.0	90035420000.0	95092000000.0						판정불가	일반	일반	-1005.6480110130833	-2452.342172151067	104.06536761549644	116.43027497565015	Y	Y	-63.09148264984228	-34.216847834954876	30.426197716815206			69.35239543363042			8114.230265734759			-27.356935848390695	3년				0.26857654431512984	-0.6036869666155117	-0.32622064447100924	0.2949566696822926	27.58486840852141	0.2469549544182758	3년	-0.32622064447100924	불리(<1)	3년	-34.216847834954876		판정불가	N	주당순현금<=0	제외	하드필터 미통과	65730548.0	주당순현금 음수(린치식); 주당순현금 음수(보수형); 단기위험부채 존재; 1년 점수 과열 가능; 배당감안점수<1; fs=2025:CFS,2024:CFS,2022:CFS,2020:CFS
79	352480	씨앤씨인터내셔널	직접추가	메인	21800.0	1000.0	1329.0	164641270468.0	25760036032.0	18966369281.0	11979980000.0						판정불가	일반	일반	12577.856377606851	11698.907953843538	6.939159986751805	7.600520726980031	N	N	-59.04468412942989	-6.882412289189677											3년				4.587155963302752	-7.847855975377	-0.3307686132426709		590.1386574267855	2.707058061590759	3년	-0.3307686132426709	불리(<1)	3년	-6.882412289189677		판정불가	Y	통과	보류	배당감안점수 또는 린치PER배수 미산출	13629901.0	단기위험부채 존재; 배당감안점수<1; fs=2025:CFS,2024:CFS,2022:CFS,2020:NA
80	108490	로보티즈	직접추가	메인	301500.0		385.0	31037776879.0	141412477725.0	19661443.0							판정불가	일반	일반	11834.560859275523	11834.560859275523	752.3777640018818	752.3777640018818	N	N	-257.78688524590166												1년					-0.34262959058590264			318.09461082184265	0.10550401685633255	1년	-0.34262959058590264	불리(<1)	1년	-257.78688524590166		판정불가	Y	통과	보류	배당감안점수 또는 린치PER배수 미산출	14570088.0	배당감안점수<1; fs=2025:CFS,2024:CFS,2022:CFS,2020:CFS
81	319660	피에스케이	직접추가	메인	128200.0	680.0	2712.0	119421667338.0	115144176211.0								판정불가	일반	일반	8097.771930533784	8097.771930533784	44.28548232649934	44.28548232649934	N	N		-19.083916873719463	11.552165792511992			31.604331585023985			85710.94725858505			-33.142786849777664	3년				0.5304212168486739		-0.4189520963119066	0.27283403893584207	1491.2849040799035	1.16324875513253	3년	-0.4189520963119066	불리(<1)	3년	-19.083916873719463		판정불가	Y	통과	보류	배당감안점수 또는 린치PER배수 미산출	28966714.0	배당감안점수<1; fs=2025:CFS,2024:CFS,2022:CFS,2020:CFS
82	214370	케어젠	직접추가	메인	45200.0	437.0	411.0	8858967118.0	20193560836.0								판정불가	일반	일반	540.864338713581	540.864338713581	108.65969747271635	108.65969747271635	N	N	-37.537993920972646	-47.1104514333951	-33.636607256804616										3년				0.9668141592920353	-0.33656618426407237	-0.4246619339768491	-0.3006615503021783	254.4480822302895	0.5629382350227643	3년	-0.4246619339768491	불리(<1)	3년	-47.1104514333951		판정불가	Y	통과	보류	배당감안점수 또는 린치PER배수 미산출	53715000.0	1년 점수 과열 가능; 배당감안점수<1; fs=2025:CFS,2024:CFS,2022:CFS,2020:CFS
83	058970	엠로	직접추가	메인	16150.0		238.0	26061920308.0	852629378.0	1417484745.0							판정불가	일반	일반	2062.946441930111	2062.946441930111	59.1893006641592	59.1893006641592	N	N	-85.23573200992556	-25.6039793649093	-24.559666428577522										3년					-1.4400530341379454	-0.4325778321015581	-0.4149342221143879	264.6115030351458	1.6384613191030701	3년	-0.4325778321015581	불리(<1)	3년	-25.6039793649093		판정불가	Y	통과	보류	배당감안점수 또는 린치PER배수 미산출	12359538.0	배당감안점수<1; fs=2025:CFS,2024:CFS,2022:CFS,2020:CFS
84	074600	원익QnC	직접추가	메인	27100.0	130.0	856.0	60554080902.0		563442812278.0	193450864716.0						판정불가	일반	일반	-19129.973043822276	-26488.876905508216	54.006977854932565	62.60382816064044	Y	Y	-55.73940020682524	-25.232199628488928	-2.709047471928838			3.0819050561423236			2638.110728057829			-90.26527406620727	3년				0.4797047970479705	-1.0231954759292328	-0.45832030997787565	-0.04127878958287715	-169.76250703743153	-0.626429915267275	3년	-0.45832030997787565	불리(<1)	3년	-25.232199628488928		판정불가	N	주당순현금<=0 / 주당FCF<=0	제외	하드필터 미통과	26288000.0	주당순현금 음수(린치식); 주당순현금 음수(보수형); 단기위험부채 존재; 주당FCF 음수; 1년 점수 과열 가능; 배당감안점수<1; fs=2025:CFS,2024:CFS,2022:CFS,2020:CFS
85	036830	솔브레인홀딩스	직접추가	메인	42450.0	500.0	2086.0	217639195435.0		217106724708.0	12282000000.0						판정불가	일반	일반	25.399222698126735	-560.4606891433605	20.337776019799556	20.618629285303623	N	Y	-26.704146170063247	-12.436250420496087	-12.844437276389565										3년				1.1778563015312131	-1.2551170709954358	-0.5535705628778891	-0.5736409410498235	577.2028107060962	1.359723935703407	3년	-0.5535705628778891	불리(<1)	3년	-12.436250420496087		판정불가	Y	통과	보류	배당감안점수 또는 린치PER배수 미산출	20964056.0	주당순현금 음수(보수형); 단기위험부채 존재; 1년 점수 과열 가능; 배당감안점수<1; fs=2025:CFS,2024:CFS,2022:CFS,2020:CFS
86	005290	동진쎄미켐	직접추가	메인	41550.0	650.0	1927.0	371911660277.0		312307904056.0	349218723122.0						판정불가	일반	일반	1159.2792534533162	-5632.944027437088	20.960415540501653	24.485181124772748	N	Y	-35.98006644518272	-14.674277627988008	3.052714908153198			14.605429816306396			28144.663256022424			-32.26314499152244	3년				1.5643802647412757	-1.6419372084460957	-0.6254598024506993	0.2202768911700675	2136.5332352390747	5.142077581802827	3년	-0.6254598024506993	불리(<1)	3년	-14.674277627988008		판정불가	Y	통과	보류	배당감안점수 또는 린치PER배수 미산출	51414494.0	주당순현금 음수(보수형); 단기위험부채 존재; 1년 점수 과열 가능; 배당감안점수<1; fs=2025:CFS,2024:CFS,2022:CFS,2020:CFS
87	403870	HPSP	직접추가	메인	53300.0	500.0	901.0	93941091316.0	147470398393.0								판정불가	일반	일반	2887.332253370172	2887.332253370172	55.951906489045314	55.951906489045314	N	N	-14.678030303030297	-37.06790883569025											3년				0.9380863039399625	-0.2455670389315589	-0.6457299634432305		1169.4210399934132	2.194035722314096	3년	-0.6457299634432305	불리(<1)	3년	-37.06790883569025		판정불가	Y	통과	보류	배당감안점수 또는 린치PER배수 미산출	83610568.0	1년 점수 과열 가능; 배당감안점수<1; fs=2025:OFS,2024:OFS,2022:OFS,2020:NA
88	357780	솔브레인	반도체소부장	메인	325500.0	2350.0	10285.0	247656558659.0		99650539681.0	1560306430.0						판정불가	일반	일반	19027.41700436816	18826.826506068086	29.79801487560835	29.81751808399921	N	N	-32.76019874476987	-21.134087314054618	4.778772474637316			18.057544949274632			185721.8498032896			-42.9425960665777	3년				0.7219662058371736	-1.075180097488914	-0.6850161392773221	0.1846008434936788	3455.404304083812	1.0615681425756718	3년	-0.6850161392773221	불리(<1)	3년	-21.134087314054618		판정불가	Y	통과	보류	배당감안점수 또는 린치PER배수 미산출	7778566.0	단기위험부채 존재; 1년 점수 과열 가능; 배당감안점수<1; fs=2025:CFS,2024:CFS,2022:CFS,2020:CFS
89	078340	컴투스	직접추가	메인	31700.0	1300.0	3192.0	108935942067.0	773963846697.0	700607322.0	202088628300.0						판정불가	일반	일반	69258.60808611878	53393.2826578938	-11.766481229987086	-6.796141183550688	N	N	-133.82072472981562	4.377483829565754	-13.665781011212907		17.25496765913151			55077.85676794778			73.74718223327375		3년	17.25496765913151	55077.85676794778	73.74718223327375	4.100946372239748	11.024517510552155	-0.7205578316989171	0.8128882757741549	-4371.490479523275	-13.79019078713967	3년	-0.7205578316989171	불리(<1)	3년	4.377483829565754		판정불가	N	주당FCF<=0 / 순현금차감PER<=0	제외	하드필터 미통과	12737755.0	단기위험부채 존재; 주당FCF 음수; 1년 점수 과열 가능; 배당감안점수<1; fs=2025:CFS,2024:CFS,2022:CFS,2020:CFS
90	253450	스튜디오드래곤	직접추가	메인	21700.0		343.0	62972674448.0	6628164657.0	6213298151.0	22800000000.0						판정불가	일반	일반	2108.8060006857295	1350.2850659404205	57.11718367147017	59.32861496810373	N	N	-69.21005385996409	-41.162978736310784	-19.957853937370917										3년					-1.2117203512352845	-0.7206759173049273	-0.3494194330757907	-360.95876723447725	-1.6634044573017384	3년	-0.7206759173049273	불리(<1)	3년	-41.162978736310784		판정불가	N	주당FCF<=0	제외	하드필터 미통과	30058498.0	단기위험부채 존재; 주당FCF 음수; 1년 점수 과열 가능; 배당감안점수<1; fs=2025:CFS,2024:CFS,2022:CFS,2020:CFS
91	166090	하나머티리얼즈	직접추가	메인	52400.0	300.0	1984.0	39497059469.0	55344267.0	56151879176.0	134988900000.0						판정불가	일반	일반	-839.3037239869562	-7664.6209984045645	26.83432647378375	30.274506551615204	Y	Y	21.94222495390288	-21.522919973241073	0.24370719678912245	52.38444990780576		8.987414393578245	103930.74861708663		17831.030156859237	98.34112331505082		-65.97131649454344	3년				0.5725190839694656	0.8390277303910908	-0.7807313855907454	0.030417244925301706	2438.2221598454903	4.653095724895974	3년	-0.7807313855907454	불리(<1)	3년	-21.522919973241073		판정불가	N	주당순현금<=0	제외	하드필터 미통과	19777674.0	주당순현금 음수(린치식); 주당순현금 음수(보수형); 단기위험부채 존재; 1년 점수 과열 가능; 배당감안점수<1; fs=2025:CFS,2024:CFS,2022:OFS,2020:OFS
92	086900	메디톡스	직접추가	메인	69400.0	1200.0	2371.0	48894962765.0	50000000.0	21494864245.0	56620000000.0						판정불가	일반	일반	3546.9221251168738	-3769.143810959679	27.774389656213884	30.860035348359208	N	Y	-0.25241901556584123	-25.637787081100825		7.9951619688683175			18956.529028186782			-72.68511667408244			3년				1.729106628242075	0.05316723899082545	-0.8608174922580064		3512.714172726347	5.061547799317503	3년	-0.8608174922580064	불리(<1)	3년	-25.637787081100825		판정불가	Y	통과	보류	배당감안점수 또는 린치PER배수 미산출	7739132.0	주당순현금 음수(보수형); 단기위험부채 존재; 1년 점수 과열 가능; 배당감안점수<1; fs=2025:CFS,2024:CFS,2022:CFS,2020:CFS
93	030520	한컴	직접추가	메인	17380.0	400.0	1427.0	132320127435.0	31305706152.0	47868725738.0	2260000000.0						판정불가	일반	일반	4787.35870193663	4693.892038269719	8.82455592015653	8.890054633307836	N	N	147.31369150779895	-10.175925258509299	-2.2136541917331276	303.1273830155979		4.072691616533745	432562.7755632582		5811.730936793654	2388.8537144030965		-66.56081164100314	3년				2.3014959723820483	16.954415478113614	-0.8923315073726196	0.009954243753872946	2217.696290291576	12.760047700181682	3년	-0.8923315073726196	불리(<1)	3년	-10.175925258509299		판정불가	Y	통과	보류	배당감안점수 또는 린치PER배수 미산출	24179744.0	단기위험부채 존재; 1년 점수 과열 가능; 배당감안점수<1; fs=2025:CFS,2024:CFS,2022:CFS,2020:CFS
94	058470	리노공업	반도체소부장	메인	68900.0	800.0	2002.0	85202812409.0									판정불가	일반	일반	1117.9732864246178	1117.9732864246178	33.857156200587106	33.857156200587106	N	N	-73.17432667827951	-35.70959636196842	-11.30853089688001										3년				1.1611030478955007	-2.12697201158127	-1.0204192315913947	-0.2997129407108488	1564.4878741822959	2.2706645488857706	3년	-1.0204192315913947	불리(<1)	3년	-35.70959636196842		판정불가	Y	통과	보류	배당감안점수 또는 린치PER배수 미산출	76211850.0	1년 점수 과열 가능; 배당감안점수<1; fs=2025:OFS,2024:OFS,2022:OFS,2020:OFS
95	211050	인카금융서비스	직접추가	메인	11050.0	370.0	1480.0	42636817000.0	61085764000.0	7387057000.0	31528770000.0						판정불가	일반	일반	1955.508987081491	1315.5083878567928	6.144926360080073	6.577359197394059	N	N	17.460317460317466	-10.320167936402525		43.42063492063493			64262.5396825397			481.56144509085703			3년				3.3484162895927603	3.386327602734538	-1.1345541408113664		1093.8184714951226	9.89880969678844	3년	-1.1345541408113664	불리(<1)	3년	-10.320167936402525		판정불가	Y	통과	보류	배당감안점수 또는 린치PER배수 미산출	49263657.0	단기위험부채 존재; 1년 점수 과열 가능; 배당감안점수<1; fs=2025:CFS,2024:CFS,2022:CFS,2020:NA
96	272290	이녹스첨단소재	직접추가	메인	20600.0	350.0	3080.0	209218704252.0	106950000.0	281909031752.0	277877019555.0						판정불가	일반	일반	-3642.343596021168	-17586.632461024772	7.870890777928951	12.398257292540508	Y	Y	-15.19823788546255	-10.637270210739235	2.0780661777052734			12.656132355410547			38980.88765466448			89.22760997409942	3년				1.6990291262135921	-1.715080178358284	-1.1356073075730753	0.4798815547676452	-8357.984391793556	-40.57273976598814	3년	-1.1356073075730753	불리(<1)	3년	-10.637270210739235		판정불가	N	주당순현금<=0 / 주당FCF<=0	제외	하드필터 미통과	19927658.0	주당순현금 음수(린치식); 주당순현금 음수(보수형); 단기위험부채 존재; 주당FCF 음수; 1년 점수 과열 가능; 배당감안점수<1; fs=2025:CFS,2024:CFS,2022:CFS,2020:CFS
97	383310	에코프로에이치엔	직접추가	메인	22750.0	200.0	631.0	153375117206.0	9492190090.0	49142967004.0	61000000000.0						판정불가	일반	일반	5421.9169955831085	2513.683490940519	27.46130428592217	32.070232185514236	N	N	-54.506128334534964	-33.190549672222645											3년				0.8791208791208791	-1.9528208455454013	-1.1766166842143029		-1922.0391766705131	-8.448523853496761	3년	-1.1766166842143029	불리(<1)	3년	-33.190549672222645		판정불가	N	주당FCF<=0	제외	하드필터 미통과	20974932.0	단기위험부채 존재; 주당FCF 음수; 1년 점수 과열 가능; 배당감안점수<1; fs=2025:CFS,2024:CFS,2022:CFS,2020:NA
98	096530	씨젠	직접추가	메인	31400.0	1000.0	1047.0	225571649515.0	360333985428.0	622000000.0	35000000000.0						판정불가	일반	일반	11206.749553546075	10536.585190566215	19.28677215516134	19.92685273107334	N	N	-337.4149659863946	-33.6594910792955	-44.18255789740394										3년				3.1847133757961785	-17.3295069761663	-1.5800869869945529	-2.125697560575802	2084.5609410899865	6.63872911175155	3년	-1.5800869869945529	불리(<1)	3년	-33.6594910792955		판정불가	Y	통과	보류	배당감안점수 또는 린치PER배수 미산출	52225994.0	단기위험부채 존재; 배당감안점수<1; fs=2025:CFS,2024:CFS,2022:CFS,2020:CFS
99	194480	데브시스터즈	직접추가	메인	16230.0		953.0	12035223609.0	112681173019.0	79632914264.0							판정불가	일반	일반	3716.953155332402	3716.953155332402	13.130164579924028	13.130164579924028	N	N	-63.275529865125236												1년					-4.819096476663612			367.56073533594684	2.264699539962704	1년	-4.819096476663612	불리(<1)	1년	-63.275529865125236		판정불가	Y	통과	보류	배당감안점수 또는 린치PER배수 미산출	12129150.0	배당감안점수<1; fs=2025:CFS,2024:CFS,2022:CFS,2020:CFS
100	215000	골프존	직접추가	메인	36350.0	4000.0	4269.0	90091026465.0	73299594130.0	56440641971.0	1554856235.0						판정불가	일반	일반	17042.69416827413	16794.92470043814	4.522676465618615	4.580715694439414	N	N	-47.87545787545787	-38.43313022210878	-6.892422764340401										3년				11.004126547455295	-8.15254675153052	-6.064772460106037	0.9091306473881262	10188.638934795548	28.029268046205086	3년	-6.064772460106037	불리(<1)	3년	-38.43313022210878		판정불가	Y	통과	보류	배당감안점수 또는 린치PER배수 미산출	6275415.0	단기위험부채 존재; 1년 점수 과열 가능; 배당감안점수<1; fs=2025:CFS,2024:CFS,2022:CFS,2020:CFS
101	069080	웹젠	직접추가	메인	11210.0	700.0	824.0	76341719302.0	213754694539.0	2319695757.0							판정불가	일반	일반	8317.033694399253	8317.033694399253	3.5108814388358573	3.5108814388358573	N	N	-57.34989648033127	-30.371590084613665	-21.712609701138675										3년				6.244424620874219	-14.556308080970876	-6.872110575098076	-4.40578394620851	252.97191620884598	2.2566629456632112	3년	-6.872110575098076	불리(<1)	3년	-30.371590084613665		판정불가	Y	통과	보류	배당감안점수 또는 린치PER배수 미산출	34600884.0	1년 점수 과열 가능; 배당감안점수<1; fs=2025:CFS,2024:CFS,2022:CFS,2020:CFS
102	007390	네이처셀	직접추가	메인	24700.0		-44.07	16767416009.0	706238683.0	1987274527.0	5000000000.0						판정불가	일반	일반	240.34091263923168	162.74340112314016			N	N	-331.94736842105266												1년								-255.0436391643704	-1.032565340746439	판정불가		판정불가	1년	-331.94736842105266		판정불가	N	주당FCF<=0 / 순현금차감PER<=0	제외	하드필터 미통과	64435056.0	단기위험부채 존재; 주당FCF 음수; fs=2025:CFS,2024:CFS,2022:CFS,2020:OFS
103	025900	동화기업	직접추가	메인	7140.0		-1001.0	47003095054.0	8175540000.0	332495112984.0	672096955800.0						판정불가	일반	일반	-5485.193240301571	-18778.96397581476			Y	Y	273.5074626865672			555.5149253731344									1년	555.5149253731344							-787.0734383185331	-11.02343751146405	판정불가		판정불가	1년	273.5074626865672		판정불가	N	주당순현금<=0 / 주당FCF<=0 / 순현금차감PER<=0	제외	하드필터 미통과	50557285.0	주당순현금 음수(린치식); 주당순현금 음수(보수형); 단기위험부채 존재; 주당FCF 음수; fs=2025:CFS,2024:CFS,2022:CFS,2020:CFS
104	025980	아난티	직접추가	메인	5470.0		-444.0	100300596867.0	16021422775.0	495891642685.0	115500000000.0						판정불가	일반	일반	-4008.146597919973	-5227.793545292556			Y	Y	29.824561403508774			68.14912280701755									1년	68.14912280701755							167.32741575418066	3.05900211616418	판정불가		판정불가	1년	29.824561403508774		판정불가	N	주당순현금<=0 / 순현금차감PER<=0	제외	하드필터 미통과	94699536.0	주당순현금 음수(린치식); 주당순현금 음수(보수형); 단기위험부채 존재; fs=2025:CFS,2024:CFS,2022:CFS,2020:CFS
105	028300	HLB	직접추가	메인	32950.0		-1680.0	40983350542.0	17820367452.0	17093527411.0							판정불가	일반	일반	314.23834862301965	314.23834862301965			N	N	138.63636363636363			285.77272727272725									1년	285.77272727272725							-829.6365716076274	-2.517865164211312	판정불가		판정불가	1년	138.63636363636363		판정불가	N	주당FCF<=0 / 순현금차감PER<=0	제외	하드필터 미통과	132734247.0	주당FCF 음수; fs=2025:CFS,2024:CFS,2022:CFS,2020:CFS
106	032500	케이엠더블유	직접추가	메인	14730.0		-673.0	41508194512.0	3635876634.0	15614128878.0	55329519995.0						판정불가	일반	일반	721.4723583560454	-630.3324950099693			N	Y	-30.54695562435501												1년								-606.4922358257096	-4.117394676345619	판정불가		판정불가	1년	-30.54695562435501		판정불가	N	주당FCF<=0 / 순현금차감PER<=0	제외	하드필터 미통과	40930109.0	주당순현금 음수(보수형); 단기위험부채 존재; 주당FCF 음수; fs=2025:CFS,2024:CFS,2022:CFS,2020:CFS
107	036540	SFA반도체	직접추가	메인	6010.0		-116.0	22630474416.0	25249450000.0	32013660425.0							판정불가	일반	일반	96.47473403353756	96.47473403353756			N	N	-307.14285714285717												1년								-100.9581064191521	-1.6798353813502847	판정불가		판정불가	1년	-307.14285714285717		판정불가	N	주당FCF<=0 / 순현금차감PER<=0	제외	하드필터 미통과	164460303.0	주당FCF 음수; fs=2025:CFS,2024:CFS,2022:CFS,2020:CFS
108	036810	에프에스티	직접추가	메인	25500.0	0.0	-613.0	31608229451.0	946624388.0	4071855583.0	117835000000.0						판정불가	일반	일반	1297.2557301423715	-4069.529310794309			N	Y	-939.7260273972602												1년				0.0				-1576.739070768964	-6.18329047360378	판정불가		판정불가	1년	-939.7260273972602		판정불가	N	주당FCF<=0 / 순현금차감PER<=0	제외	하드필터 미통과	21956348.0	주당순현금 음수(보수형); 단기위험부채 존재; 주당FCF 음수; fs=2025:CFS,2024:CFS,2022:CFS,2020:CFS
109	046890	서울반도체	직접추가	메인	9710.0	136.0	-912.0	58026419941.0	3744425572.0	52972809407.0	85690044564.0						판정불가	일반	일반	150.89573360271947	-1318.78022375286			N	Y	924.7191011235955			1857.938202247191									1년	1857.938202247191			1.4006179196704427				1489.4162315840385	15.338993116210489	판정불가		판정불가	1년	924.7191011235955		판정불가	N	순현금차감PER<=0	제외	하드필터 미통과	58305400.0	주당순현금 음수(보수형); 단기위험부채 존재; fs=2025:CFS,2024:CFS,2022:CFS,2020:CFS
110	048410	현대바이오	직접추가	메인	6280.0		-235.36	22337858879.0	19621590869.0		0.0						판정불가	일반	일반	436.89119463195703	436.89119463195703			N	N	35.26436781609197			79.02873563218394									1년	79.02873563218394							-379.6927400975584	-6.046062740406981	판정불가		판정불가	1년	35.26436781609197		판정불가	N	주당FCF<=0 / 순현금차감PER<=0	제외	하드필터 미통과	96040960.0	주당FCF 음수; fs=2025:CFS,2024:CFS,2022:CFS,2020:CFS
111	053030	바이넥스	직접추가	메인	6800.0		-101.0	18364018872.0	1250000000.0								판정불가	일반	일반	600.107271197926	600.107271197926			N	N	-91.03019538188278												1년										판정불가		판정불가	1년	-91.03019538188278		판정불가	N	주당FCF<=0 / 순현금차감PER<=0	제외	하드필터 미통과	32684188.0	fs=2025:CFS,2024:CFS,2022:CFS,2020:CFS
112	056080	유진로봇	직접추가	메인	12210.0		-186.0	5279987409.0	8000000000.0	4928887046.0	4187000000.0						판정불가	일반	일반	222.6238676736008	111.00670425413077			N	N	118.82352941176472			246.14705882352945									1년	246.14705882352945							-147.16306462503138	-1.2052667045457115	판정불가		판정불가	1년	118.82352941176472		판정불가	N	주당FCF<=0 / 순현금차감PER<=0	제외	하드필터 미통과	37512152.0	단기위험부채 존재; 주당FCF 음수; fs=2025:OFS,2024:OFS,2022:CFS,2020:CFS
113	079370	제우스	직접추가	메인	10780.0	50.0	-192.0	51037898024.0	65791769419.0	8302109795.0	32588150000.0						판정불가	일반	일반	3498.9712943776944	2448.316475841144			N	N	-114.13843888070691												1년				0.463821892393321				480.0699799690428	4.453339331809302	판정불가		판정불가	1년	-114.13843888070691		판정불가	N	순현금차감PER<=0	제외	하드필터 미통과	31016990.0	단기위험부채 존재; fs=2025:CFS,2024:CFS,2022:CFS,2020:CFS
114	082270	젬백스	직접추가	메인	10380.0		-275.0	17577870390.0	7201968045.0	70254205068.0	28370000000.0						판정불가	일반	일반	-1065.4627968128407	-1730.170890265316			Y	Y	-87.51135331516802												1년								-23.58019853099277	-0.2271695426877916	판정불가		판정불가	1년	-87.51135331516802		판정불가	N	주당순현금<=0 / 주당FCF<=0 / 순현금차감PER<=0	제외	하드필터 미통과	42680389.0	주당순현금 음수(린치식); 주당순현금 음수(보수형); 단기위험부채 존재; 주당FCF 음수; fs=2025:CFS,2024:CFS,2022:CFS,2020:CFS
115	085660	차바이오텍	직접추가	메인	8090.0		-1637.0	237558379314.0	99903314337.0	180527446040.0	452876679529.0						판정불가	일반	일반	1978.9350269900492	-3731.823062272725			N	Y	1036.8055555555554			2082.111111111111									1년	2082.111111111111							-2832.0564640718517	-35.00687841868791	판정불가		판정불가	1년	1036.8055555555554		판정불가	N	주당FCF<=0 / 순현금차감PER<=0	제외	하드필터 미통과	79302375.0	주당순현금 음수(보수형); 단기위험부채 존재; 주당FCF 음수; fs=2025:CFS,2024:CFS,2022:CFS,2020:CFS
116	086520	에코프로	직접추가	메인	82500.0	150.0		1186767418765.0	423610001201.0	485092134487.0							판정불가	일반	일반	8287.79773843495	8287.79773843495			N	N													판정불가				0.18181818181818182				-3483.5949425198028	-4.222539324266428	판정불가		판정불가	판정불가			판정불가	N	주당FCF<=0 / 순현금차감PER<=0	제외	하드필터 미통과	135776152.0	주당FCF 음수; EPS 미추출; fs=2025:CFS,2024:CFS,2022:CFS,2020:CFS
117	087010	펩트론	직접추가	메인	160200.0		-595.0	4377757821.0	133067915184.0	20034400151.0	3490000000.0						판정불가	일반	일반	5035.360915970296	4885.686960739536			N	N	-43.92082940622055												1년								-1011.3816438403163	-0.6313243719352786	판정불가		판정불가	1년	-43.92082940622055		판정불가	N	주당FCF<=0 / 순현금차감PER<=0	제외	하드필터 미통과	23317350.0	단기위험부채 존재; 주당FCF 음수; fs=2025:OFS,2024:OFS,2022:OFS,2020:OFS
118	101730	위메이드맥스	직접추가	메인	4055.0		-428.0	87314200557.0	1089498400.0	47187676.0							판정불가	일반	일반	1054.3323000604057	1054.3323000604057			N	N	57.933579335793354			124.36715867158671									1년	124.36715867158671							-361.51561182219035	-8.915304853814805	판정불가		판정불가	1년	57.933579335793354		판정불가	N	주당FCF<=0 / 순현금차감PER<=0	제외	하드필터 미통과	83803286.0	주당FCF 음수; fs=2025:CFS,2024:CFS,2022:CFS,2020:CFS
119	108860	셀바스AI	직접추가	메인	9170.0		-223.0	44225022689.0	3028278620.0	1233866983.0	11020289931.0						판정불가	일반	일반	1709.8195574254898	1300.3684738019506			N	N	3.240740740740744			14.981481481481488									1년	14.981481481481488							268.77394321114895	2.9310135573734892	판정불가		판정불가	1년	3.240740740740744		판정불가	N	순현금차감PER<=0	제외	하드필터 미통과	26914790.0	단기위험부채 존재; fs=2025:CFS,2024:CFS,2022:CFS,2020:CFS
120	112040	위메이드	직접추가	메인	15200.0	295.0		296472812229.0	313121139570.0	4174361195.0							판정불가	일반	일반	17833.479940885725	17833.479940885725			N	N													판정불가				1.9407894736842106				1630.3323190317517	10.725870519945735	판정불가		판정불가	판정불가			판정불가	N	순현금차감PER<=0	제외	하드필터 미통과	33948483.0	EPS 미추출; fs=2025:CFS,2024:CFS,2022:CFS,2020:CFS
121	141080	리가켐바이오	직접추가	메인	92300.0		-2042.0	98649999024.0	4839923273.0	59784887707.0	0.0						판정불가	일반	일반	1193.789431553459	1193.789431553459			N	N	-999.5594713656387												1년								-3566.5843945499764	-3.8641217709100504	판정불가		판정불가	1년	-999.5594713656387		판정불가	N	주당FCF<=0 / 순현금차감PER<=0	제외	하드필터 미통과	36610338.0	주당FCF 음수; fs=2025:CFS,2024:CFS,2022:CFS,2020:OFS
122	200130	콜마비앤에이치	직접추가	메인	8360.0	75.0	-800.0	83107448913.0	1401160966.0	97587149400.0	86424320000.0						판정불가	일반	일반	-444.6130010860239	-3382.6609551652905			Y	Y	-228.8244766505636												1년				0.8971291866028708				529.9576345959509	6.339206155453958	판정불가		판정불가	1년	-228.8244766505636		판정불가	N	주당순현금<=0 / 순현금차감PER<=0	제외	하드필터 미통과	29415558.0	주당순현금 음수(린치식); 주당순현금 음수(보수형); 단기위험부채 존재; fs=2025:CFS,2024:CFS,2022:CFS,2020:CFS
123	222800	심텍	직접추가	메인	119800.0	100.0		53984334079.0		139875618759.0	442095713229.0						판정불가	일반	일반	-2300.112025482793	-14139.144008773126			Y	Y													판정불가				0.08347245409015025				-6828.888249112573	-5.700240608608158	판정불가		판정불가	판정불가			판정불가	N	주당순현금<=0 / 주당FCF<=0 / 순현금차감PER<=0	제외	하드필터 미통과	37342218.0	주당순현금 음수(린치식); 주당순현금 음수(보수형); 단기위험부채 존재; 주당FCF 음수; EPS 미추출; fs=2025:CFS,2024:CFS,2022:CFS,2020:CFS
124	225570	넥슨게임즈	직접추가	메인	11550.0		-974.0	56164399094.0	121000000000.0								판정불가	일반	일반	2690.0080630518833	2690.0080630518833			N	N	-297.9674796747967												1년								-712.3309354451447	-6.167367406451469	판정불가		판정불가	1년	-297.9674796747967		판정불가	N	주당FCF<=0 / 순현금차감PER<=0	제외	하드필터 미통과	65860174.0	주당FCF 음수; fs=2025:CFS,2024:CFS,2022:CFS,2020:OFS
125	240810	원익IPS	반도체소부장	메인	115800.0	200.0		107273747142.0	111279303585.0	3970410406.0							판정불가	일반	일반	4371.751958366145	4371.751958366145			N	N													판정불가				0.17271157167530224				2538.585459599065	2.19221542279712	판정불가		판정불가	판정불가			판정불가	N	순현금차감PER<=0	제외	하드필터 미통과	49083901.0	EPS 미추출; fs=2025:CFS,2024:CFS,2022:CFS,2020:CFS
126	178320	서진시스템	직접추가	메인	36600.0		-1801.0	32068809373.0									판정불가	일반	일반	573.9561011445203	573.9561011445203			N	N	-206.19103773584902												1년										판정불가		판정불가	1년	-206.19103773584902		판정불가	N	주당FCF<=0 / 순현금차감PER<=0	제외	하드필터 미통과	55873279.0	fs=2025:CFS,2024:CFS,2022:CFS,2020:CFS
127	101360	에코앤드림	직접추가	메인	8180.0		-490.0	13450789287.0	11500000000.0	143311084220.0	85000000000.0						판정불가	일반	일반	-6654.6461432216165	-11433.655206134403			Y	Y	-155.36723163841808												1년								-4143.34335060486	-50.652119200548405	판정불가		판정불가	1년	-155.36723163841808		판정불가	N	주당순현금<=0 / 주당FCF<=0 / 순현금차감PER<=0	제외	하드필터 미통과	17786114.0	주당순현금 음수(린치식); 주당순현금 음수(보수형); 단기위험부채 존재; 주당FCF 음수; fs=2025:CFS,2024:CFS,2022:CFS,2020:OFS
128	161580	필옵틱스	직접추가	메인	33500.0	2502.0	-736.0	113873986608.0	3435227770.0	20183174677.0	69000000000.0						판정불가	일반	일반	4150.198252410283	1201.826422385372			N	N	-178.1316348195329												1년				7.468656716417911				-202.71466379566468	-0.6051183993900439	판정불가		판정불가	1년	-178.1316348195329		판정불가	N	주당FCF<=0 / 순현금차감PER<=0	제외	하드필터 미통과	23402747.0	단기위험부채 존재; 주당FCF 음수; fs=2025:CFS,2024:CFS,2022:CFS,2020:CFS
129	003380	하림지주	직접추가	메인	11220.0	120.0	2360.0	1459340000000.0	470089000000.0	220013000000.0							판정불가	일반	일반	15261.876901695854	15261.876901695854	-1.7126597041084126	-1.7126597041084126	N	N													판정불가				1.06951871657754				6075.150460529119	54.145726029671295	판정불가		판정불가	판정불가			판정불가	N	순현금차감PER<=0	제외	하드필터 미통과	112005621.0	fs=2025:CFS,2024:CFS,2022:CFS,2020:CFS
130	263750	펄어비스	직접추가	메인	33500.0		-137.0	133874628885.0	233908957944.0	13323877549.0							판정불가	일반	일반	5517.066823164758	5517.066823164758			N	N	-113.95112016293278												1년								302.9620397443619	0.9043642977443639	판정불가		판정불가	1년	-113.95112016293278		판정불가	N	순현금차감PER<=0	제외	하드필터 미통과	64247855.0	fs=2025:CFS,2024:CFS,2022:CFS,2020:CFS
131	226950	올릭스	직접추가	메인	97500.0		-800.0	6358594526.0	126605341764.0	18752923680.0	644000000.0						판정불가	일반	일반	5656.843707811481	5624.94654426675			N	N	-66.85998342999171												1년								-792.9445396488925	-0.813276450921941	판정불가		판정불가	1년	-66.85998342999171		판정불가	N	주당FCF<=0 / 순현금차감PER<=0	제외	하드필터 미통과	20189883.0	단기위험부채 존재; 주당FCF 음수; fs=2025:CFS,2024:CFS,2022:CFS,2020:CFS
132	278280	천보	직접추가	메인	39950.0		-5752.0	15491196283.0		35247636.0							판정불가	일반	일반	1322.0990451018959	1322.0990451018959			N	N	108.48133381660023			225.46266763320045									1년	225.46266763320045							-1160.9677872439943	-2.906052033151425	판정불가		판정불가	1년	108.48133381660023		판정불가	N	주당FCF<=0 / 순현금차감PER<=0	제외	하드필터 미통과	11690462.0	주당FCF 음수; fs=2025:CFS,2024:CFS,2022:CFS,2020:CFS
133	290650	엘앤씨바이오	직접추가	메인	46850.0	50.0		30887981159.0	8735922384.0	4020104109.0	18500000000.0						판정불가	일반	일반	1446.200754056343	694.7440450711548			N	N													판정불가				0.10672358591248667				-181.60032637592738	-0.3876207606743381	판정불가		판정불가	판정불가			판정불가	N	주당FCF<=0 / 순현금차감PER<=0	제외	하드필터 미통과	24618850.0	단기위험부채 존재; 주당FCF 음수; EPS 미추출; fs=2025:CFS,2024:CFS,2022:CFS,2020:CFS
134	298380	에이비엘바이오	직접추가	메인	71100.0			111981944913.0	2960414950.0								판정불가	일반	일반	2085.11593322215	2085.11593322215			N	N													판정불가								-760.1785326175441	-1.069168119012017	판정불가		판정불가	판정불가			판정불가	N	주당FCF<=0 / 순현금차감PER<=0	제외	하드필터 미통과	55125165.0	주당FCF 음수; EPS 미추출; fs=2025:CFS,2024:CFS,2022:CFS,2020:OFS
135	323280	태성	직접추가	메인	47450.0		-85.0	49118598846.0	536777902.0	58264134.0							판정불가	일반	일반	1626.0959201304363	1626.0959201304363			N	N	-136.48068669527896												1년								-1634.008834673793	-3.443643487194506	판정불가		판정불가	1년	-136.48068669527896		판정불가	N	주당FCF<=0 / 순현금차감PER<=0	제외	하드필터 미통과	30500730.0	주당FCF 음수; fs=2025:CFS,2024:CFS,2022:CFS,2020:NA
136	204270	제이앤티씨	직접추가	메인	20650.0		-1604.0	36367710528.0	0.0	10064372195.0	84614800000.0						판정불가	일반	일반	454.69379141358735	-1008.0035945464829			N	Y	174.18803418803418			356.87606837606836									1년	356.87606837606836							-648.8926231336886	-3.1423371580323907	판정불가		판정불가	1년	174.18803418803418		판정불가	N	주당FCF<=0 / 순현금차감PER<=0	제외	하드필터 미통과	57848466.0	주당순현금 음수(보수형); 단기위험부채 존재; 주당FCF 음수; fs=2025:CFS,2024:CFS,2022:CFS,2020:CFS
137	304100	솔트룩스	직접추가	메인	15290.0		-885.0	31694366404.0	6755700000.0	4483957880.0	1640000000.0						판정불가	일반	일반	2697.038239998793	2566.8160006606395			N	N	125.19083969465647			258.8816793893129									1년	258.8816793893129							-422.7671696235982	-2.7649912990425	판정불가		판정불가	1년	125.19083969465647		판정불가	N	주당FCF<=0 / 순현금차감PER<=0	제외	하드필터 미통과	12593855.0	단기위험부채 존재; 주당FCF 음수; fs=2025:CFS,2024:CFS,2022:CFS,2020:CFS
138	293490	카카오게임즈	직접추가	메인	8900.0			492159413083.0	415963677118.0	716847138862.0	305479052047.0						판정불가	일반	일반	2130.3322411771132	-1271.9348448015992			N	Y													판정불가								-617.2075731171997	-6.934916551878648	판정불가		판정불가	판정불가			판정불가	N	주당FCF<=0 / 순현금차감PER<=0	제외	하드필터 미통과	89786911.0	주당순현금 음수(보수형); 단기위험부채 존재; 주당FCF 음수; EPS 미추출; fs=2025:CFS,2024:CFS,2022:CFS,2020:CFS
139	348210	넥스틴	직접추가	메인	31200.0	510.0	-240.0	14641052596.0	5227616000.0	22007025911.0	30419684926.0						판정불가	일반	일반	-204.1000567433155	-3107.571509319696			Y	Y	-106.4034151547492												1년				1.6346153846153848						판정불가		판정불가	1년	-106.4034151547492		판정불가	N	주당순현금<=0 / 주당FCF<=0 / 순현금차감PER<=0	제외	하드필터 미통과	10477005.0	주당순현금 음수(린치식); 주당순현금 음수(보수형); 단기위험부채 존재; fs=2025:CFS,2024:CFS,2022:CFS,2020:CFS
140	348370	엔켐	직접추가	메인	21250.0		-3154.0	12134632154.0	0.0	32868533981.0	162465223096.0						판정불가	일반	일반	-948.9140857979099	-8384.34712365177			Y	Y	-88.85748604536141												1년								-895.310607494617	-4.2132263882099625	판정불가		판정불가	1년	-88.85748604536141		판정불가	N	주당순현금<=0 / 주당FCF<=0 / 순현금차감PER<=0	제외	하드필터 미통과	21850136.0	주당순현금 음수(린치식); 주당순현금 음수(보수형); 단기위험부채 존재; 주당FCF 음수; fs=2025:CFS,2024:CFS,2022:CFS,2020:NA
141	388720	유일로보틱스	직접추가	메인	66200.0		-2138.0	2811865063.0	12337000000.0	593697673.0	0.0						판정불가	일반	일반	1244.3722737724308	1244.3722737724308			N	N	142.95454545454547			294.40909090909093									1년	294.40909090909093							-1673.8565548938834	-2.5284842218940837	판정불가		판정불가	1년	142.95454545454547		판정불가	N	주당FCF<=0 / 순현금차감PER<=0	제외	하드필터 미통과	11696795.0	주당FCF 음수; fs=2025:OFS,2024:OFS,2022:CFS,2020:NA
142	399720	가온칩스	직접추가	메인	43050.0		-1239.0	52725781806.0	5180811694.0	26099135222.0							판정불가	일반	일반	2741.9229888228183	2741.9229888228183			N	N	-289.1603053435114												1년								-791.2634315826496	-1.8380102940363523	판정불가		판정불가	1년	-289.1603053435114		판정불가	N	주당FCF<=0 / 순현금차감PER<=0	제외	하드필터 미통과	11600420.0	주당FCF 음수; fs=2025:CFS,2024:CFS,2022:CFS,2020:NA
143	310210	보로노이	직접추가	메인	155700.0		-2374.0	35736727801.0	51779224010.0	38819475206.0							판정불가	일반	일반	2647.4798710371983	2647.4798710371983			N	N	27.63440860215054			63.76881720430108									1년	63.76881720430108							-4011.027894061175	-2.576125815068192	판정불가		판정불가	1년	27.63440860215054		판정불가	N	주당FCF<=0 / 순현금차감PER<=0	제외	하드필터 미통과	18393521.0	주당FCF 음수; fs=2025:CFS,2024:CFS,2022:CFS,2020:NA
144	328130	루닛	직접추가	메인	8870.0		-1627.0	14110597196.0	7880560759.0	74459326891.0	18910194575.0						판정불가	일반	일반	-1793.3699440122289	-2439.7232525790805			Y	Y	-43.072078376487056												1년								-2215.168681814444	-24.973716818652132	판정불가		판정불가	1년	-43.072078376487056		판정불가	N	주당순현금<=0 / 주당FCF<=0 / 순현금차감PER<=0	제외	하드필터 미통과	29256746.0	주당순현금 음수(린치식); 주당순현금 음수(보수형); 단기위험부채 존재; 주당FCF 음수; fs=2025:CFS,2024:CFS,2022:CFS,2020:NA
145	365340	성일하이텍	직접추가	메인	36300.0		-6364.0	24711198330.0	2817327690.0	228283330907.0	204339994880.0						판정불가	일반	일반	-16407.640954567574	-33108.29860774997			Y	Y	-29.95817741580453												1년								-4817.302336424843	-13.270805334503699	판정불가		판정불가	1년	-29.95817741580453		판정불가	N	주당순현금<=0 / 주당FCF<=0 / 순현금차감PER<=0	제외	하드필터 미통과	12235446.0	주당순현금 음수(린치식); 주당순현금 음수(보수형); 단기위험부채 존재; 주당FCF 음수; fs=2025:CFS,2024:CFS,2022:CFS,2020:NA
146	358570	지아이이노베이션	직접추가	메인	8770.0		-604.0	39659957808.0	57298808526.0	0.0							판정불가	일반	일반	1517.9932052031195	1517.9932052031195			N	N	-54.58646616541354												1년								-623.7227005542921	-7.112003427072887	판정불가		판정불가	1년	-54.58646616541354		판정불가	N	주당FCF<=0 / 순현금차감PER<=0	제외	하드필터 미통과	63872991.0	주당FCF 음수; fs=2025:OFS,2024:OFS,2022:OFS,2020:NA
147	445680	큐리옥스바이오시스템즈	직접추가	메인	50700.0		-1645.0	14785429134.0	3000000000.0	309456371.0							판정불가	일반	일반	1020.8027591741111	1020.8027591741111			N	N	227.03777335984094			462.5755467196819									1년	462.5755467196819							-656.8578475619476	-1.2955776086034467	판정불가		판정불가	1년	227.03777335984094		판정불가	N	주당FCF<=0 / 순현금차감PER<=0	제외	하드필터 미통과	17119833.0	주당FCF 음수; fs=2025:CFS,2024:CFS,2022:NA,2020:NA
148	347850	디앤디파마텍	직접추가	메인	49700.0		-547.0	32883741893.0		4322566382.0							판정불가	일반	일반	656.044410518054	656.044410518054			N	N	-80.6234502302515												1년								-487.03695764576116	-0.9799536371142077	판정불가		판정불가	1년	-80.6234502302515		판정불가	N	주당FCF<=0 / 순현금차감PER<=0	제외	하드필터 미통과	43535430.0	주당FCF 음수; fs=2025:CFS,2024:CFS,2022:NA,2020:NA
149	466100	클로봇	직접추가	메인	23550.0		-87.0	13177362003.0	36087959658.0	1115132801.0							판정불가	일반	일반	1926.613358704511	1926.613358704511			N	N	-72.20447284345049												1년								-146.81091406381822	-0.6234009089758735	판정불가		판정불가	1년	-72.20447284345049		판정불가	N	주당FCF<=0 / 순현금차감PER<=0	제외	하드필터 미통과	24992139.0	주당FCF 음수; fs=2025:CFS,2024:CFS,2022:NA,2020:NA
150	091990	셀트리온헬스케어	직접추가	메인													판정불가	일반	일반					판정불가	판정불가													판정불가										판정불가		판정불가	판정불가			판정불가	N	주당순현금<=0 / 주당FCF<=0 / 순현금차감PER<=0	제외	하드필터 미통과		현재가 미수집; EPS 미추출; fs=2025:NA,2024:NA,2022:CFS,2020:CFS
